English_code,Partial_translated_code
"for i in range(10):  # First digit
    for j in range(10):  # Second digit
        for k in range(10):  # Third digit
            # Checking for the conditions
            if i != 5 and j != 5 and k != 5 and i != j and i != k and j != k:
                print(i, j, k)","Για i σε εύρος(10): #First digit
    Για j σε εύρος(10): #Second digit
        Για k σε εύρος(10): #Third digit
             #Checking for the conditions
            αν i != 5 και j != 5 και k != 5 και i != j και i != k και j != k:
                τύπωσε(i, j, k)"
"def count_distinct_states(matrix):
    count = 0
    states = set()
    for row in matrix:
        for col in row:
            state = ''.join(col)
            if state not in states:
                count += 1
            states.add(state)
    return count

matrix = [['A', 'B', 'C'],
          ['A', 'B', 'D'],
          ['A', 'B', 'C']]
print(count_distinct_states(matrix))
# Output: 4","καθόρισε count_distinct_states(matrix):
    μέτρησε = 0
    states = σύνολο()
    Για row σε matrix:
        Για col σε row:
            state = ''.ένωσε(col)
            αν state όχι σε states:
                μέτρησε += 1
            states.πρόσθεσε(state)
    επιστροφή μέτρησε

matrix = [['A', 'B', 'C'],
          ['A', 'B', 'D'],
          ['A', 'B', 'C']]
τύπωσε(count_distinct_states(matrix))
 #Output: 4"
"def remove_spaces_and_punctuation(s):
    result = """"
    for char in s:
        if char.isalnum():
            result += char
    return result","καθόρισε remove_spaces_and_punctuation(s):
    result = """"
    Για char σε s:
        αν char.είναι_αλφαριθμητική():
            result += char
    επιστροφή result"
"import math

def is_prime(n):
    # Check if the number is less than 2 or not an integer
    if n < 2 or not isinstance(n, int):
        return ""Not Prime""

    # Check if the number is divisible by any integer from 2 to the square root of n
    for i in range(2, math.isqrt(n) + 1):
        if n % i == 0:
            return ""Not Prime""

    return ""Prime""","εισαγωγή math

καθόρισε is_prime(n):
     #Check if the number is less than 2 or not an integer
    αν n < 2 ή όχι είναι_παράδειγμα(n, ακέραιη):
        επιστροφή ""Not Prime""

     #Check if the number is divisible by any integer from 2 to the square root of n
    Για i σε εύρος(2, math.isqrt(n) + 1):
        αν n % i == 0:
            επιστροφή ""Not Prime""

    επιστροφή ""Prime"""
"class String:
    def __init__(self, string):
        self.string = string

    def replace_odd_occurrences(self, substring, replace_with):
        count = self.string.count(substring)
        if count % 2 == 0 or count == 0:
            return self.string

        result = """"
        stack = []

        for i in range(len(self.string)):
            if self.string[i:i+len(substring)] == substring:
                if len(stack) > 0 and (stack[-1] == '(' or stack[-1] == '['):
                    stack.append(substring)
                    result += substring
                elif len(stack) > 0 and (stack[-1] == ')' or stack[-1] == ']'):
                    stack.pop()
                    result += substring
                else:
                    stack.append(substring)
                    result += replace_with
            else:
                result += self.string[i]

            if len(stack) > 0 and stack[-1] == substring:
                stack.pop()

        return result","κλάσση String:
    καθόρισε __init__(self, string):
        self.string = string

    καθόρισε replace_odd_occurrences(self, substring, replace_with):
        μέτρησε = self.string.μέτρησε(substring)
        αν μέτρησε % 2 == 0 ή μέτρησε == 0:
            επιστροφή self.string

        result = """"
        stack = []

        Για i σε εύρος(μήκος(self.string)):
            αν self.string[i:i+μήκος(substring)] == substring:
                αν μήκος(stack) > 0 και (stack[-1] == '(' ή stack[-1] == '['):
                    stack.προσάρτησε(substring)
                    result += substring
                αλλιώς_αν μήκος(stack) > 0 και (stack[-1] == ')' ή stack[-1] == ']'):
                    stack.βγάλε()
                    result += substring
                αλλιώς:
                    stack.προσάρτησε(substring)
                    result += replace_with
            αλλιώς:
                result += self.string[i]

            αν μήκος(stack) > 0 και stack[-1] == substring:
                stack.βγάλε()

        επιστροφή result"
"def is_prime(num):
    if num <= 1:
        return False
    for i in range(2, int(num**0.5) + 1):
        if num % i == 0:
            return False
    return True

def has_digit_7(num):
    while num > 0:
        if num % 10 == 7:
            return True
        num //= 10
    return False

def sum_of_primes():
    sum_of_primes = 0
    for num in range(1000000, 2000001):
        if is_prime(num) and not has_digit_7(num):
            sum_of_primes += num
    return sum_of_primes

result = sum_of_primes()
print(""The sum of all prime numbers between 1 million and 2 million, excluding prime numbers that contain the digit 7, is:"", result)","καθόρισε is_prime(num):
    αν num <= 1:
        επιστροφή Ψευδής
    Για i σε εύρος(2, ακέραιη(num**0.5) + 1):
        αν num % i == 0:
            επιστροφή Ψευδής
    επιστροφή Αληθής

καθόρισε has_digit_7(num):
    ενώ num > 0:
        αν num % 10 == 7:
            επιστροφή Αληθής
        num //= 10
    επιστροφή Ψευδής

καθόρισε sum_of_primes():
    sum_of_primes = 0
    Για num σε εύρος(1000000, 2000001):
        αν is_prime(num) και όχι has_digit_7(num):
            sum_of_primes += num
    επιστροφή sum_of_primes

result = sum_of_primes()
τύπωσε(""The sum of all prime numbers between 1 million and 2 million, excluding prime numbers that contain the digit 7, is:"", result)"
"def is_prime(num):
    if num < 2:
        return False
    for i in range(2, int(num ** 0.5) + 1):
        if num % i == 0:
            return False
    return True

def find_prime_sum_array(N, M, X):
    prime_sum_array = []
    current_number = M
    sum_so_far = 0

    while len(prime_sum_array) < N and current_number <= X:
        if is_prime(sum_so_far + current_number):
            prime_sum_array.append(current_number)
            sum_so_far += current_number
        current_number += M

    if not is_prime(sum_so_far):
        return []

    return prime_sum_array

# Example usage
N = 5
M = 3
X = 20

result = find_prime_sum_array(N, M, X)
print(result)","καθόρισε is_prime(num):
    αν num < 2:
        επιστροφή Ψευδής
    Για i σε εύρος(2, ακέραιη(num ** 0.5) + 1):
        αν num % i == 0:
            επιστροφή Ψευδής
    επιστροφή Αληθής

καθόρισε find_prime_sum_array(N, M, X):
    prime_sum_array = []
    current_number = M
    sum_so_far = 0

    ενώ μήκος(prime_sum_array) < N και current_number <= X:
        αν is_prime(sum_so_far + current_number):
            prime_sum_array.προσάρτησε(current_number)
            sum_so_far += current_number
        current_number += M

    αν όχι is_prime(sum_so_far):
        επιστροφή []

    επιστροφή prime_sum_array

 #Example usage
N = 5
M = 3
X = 20

result = find_prime_sum_array(N, M, X)
τύπωσε(result)"
"def is_prime(n):
    if n < 2:
        return False
    for i in range(2, int(n**0.5) + 1):
        if n % i == 0:
            return False
    return True

def max_prime_difference(arr):
    primes = []
    for num in arr:
        if is_prime(abs(num)):
            primes.append(abs(num))
    if len(primes) < 2:
        return 0
    max_diff = 0
    for i in range(len(primes)-1):
        diff = abs(primes[i] - primes[i+1])
        if diff > max_diff:
            max_diff = diff
    return max_diff","καθόρισε is_prime(n):
    αν n < 2:
        επιστροφή Ψευδής
    Για i σε εύρος(2, ακέραιη(n**0.5) + 1):
        αν n % i == 0:
            επιστροφή Ψευδής
    επιστροφή Αληθής

καθόρισε max_prime_difference(arr):
    primes = []
    Για num σε arr:
        αν is_prime(απόλ(num)):
            primes.προσάρτησε(απόλ(num))
    αν μήκος(primes) < 2:
        επιστροφή 0
    max_diff = 0
    Για i σε εύρος(μήκος(primes)-1):
        diff = απόλ(primes[i] - primes[i+1])
        αν diff > max_diff:
            max_diff = diff
    επιστροφή max_diff"
"import math

def calculate_triangle_height(angle, side_lengths, opposite_side_length, side_ratio):
    # Convert angle from degrees to radians
    angle_rad = math.radians(angle)

    # Calculate the height using the Law of Sines
    height = opposite_side_length * math.sin(angle_rad) / side_ratio

    # Calculate the length of the adjacent side using the Law of Cosines
    adjacent_side_length = math.sqrt(side_lengths**2 + opposite_side_length**2 - 2 * side_lengths * opposite_side_length * math.cos(angle_rad))

    # Calculate the hypotenuse of the triangle
    hypotenuse = side_lengths / math.cos(angle_rad)

    # Calculate the remaining side using Pythagorean theorem
    remaining_side_length = math.sqrt(hypotenuse**2 - adjacent_side_length**2)

    # Calculate the final height of the triangle
    height += remaining_side_length

    return height


def simulate_triangle_motion(initial_velocity, angle, time_interval, air_resistance=True):
    # Initialize variables
    x = 0.0
    y = 0.0
    time = 0.0

    # Convert angle from degrees to radians
    angle_rad = math.radians(angle)

    # Calculate initial velocities
    vx = initial_velocity * math.cos(angle_rad)
    vy = initial_velocity * math.sin(angle_rad)

    # Simulate the motion until the y-coordinate becomes negative (reached the ground)
    while y >= 0:
        # Calculate the acceleration due to air resistance
        if air_resistance:
            air_resistance_acceleration = -0.5 * vy**2  # Simplified model for air resistance
        else:
            air_resistance_acceleration = 0.0  # No air resistance

        # Calculate the new velocities using the kinematic equations
        vx += air_resistance_acceleration * math.cos(angle_rad) * time_interval
        vy += (-9.8 + air_resistance_acceleration * math.sin(angle_rad)) * time_interval

        # Calculate the new position using the kinematic equations
        x += vx * time_interval
        y += vy * time_interval

        # Increment the time
        time += time_interval

    return x, y, time


# Example usage
angle = 45  # Angle in degrees
side_lengths = 5
opposite_side_length = 3
side_ratio = 2
height = calculate_triangle_height(angle, side_lengths, opposite_side_length, side_ratio)
print(f""The height of the triangle is: {height}"")

initial_velocity = 10  # m/s
time_interval = 0.01  # seconds
x, y, total_time = simulate_triangle_motion(initial_velocity, angle, time_interval, air_resistance=True)
print(f""The triangle reached the ground at coordinates (x={x:.2f}m, y={y:.2f}m) in {total_time:.2f}s."")","εισαγωγή math

καθόρισε calculate_triangle_height(angle, side_lengths, opposite_side_length, side_ratio):
     #Convert angle from degrees to radians
    angle_rad = math.radians(angle)

     #Calculate the height using the Law of Sines
    height = opposite_side_length * math.sin(angle_rad) / side_ratio

     #Calculate the length of the adjacent side using the Law of Cosines
    adjacent_side_length = math.sqrt(side_lengths**2 + opposite_side_length**2 - 2 * side_lengths * opposite_side_length * math.cos(angle_rad))

     #Calculate the hypotenuse of the triangle
    hypotenuse = side_lengths / math.cos(angle_rad)

     #Calculate the remaining side using Pythagorean theorem
    remaining_side_length = math.sqrt(hypotenuse**2 - adjacent_side_length**2)

     #Calculate the final height of the triangle
    height += remaining_side_length

    επιστροφή height


καθόρισε simulate_triangle_motion(initial_velocity, angle, time_interval, air_resistance=Αληθής):
     #Initialize variables
    x = 0.0
    y = 0.0
    time = 0.0

     #Convert angle from degrees to radians
    angle_rad = math.radians(angle)

     #Calculate initial velocities
    vx = initial_velocity * math.cos(angle_rad)
    vy = initial_velocity * math.sin(angle_rad)

     #Simulate the motion until the y-coordinate becomes negative (reached the ground)
    ενώ y >= 0:
         #Calculate the acceleration due to air resistance
        αν air_resistance:
            air_resistance_acceleration = -0.5 * vy**2 #Simplified model for air resistance
        αλλιώς:
            air_resistance_acceleration = 0.0 #No air resistance

         #Calculate the new velocities using the kinematic equations
        vx += air_resistance_acceleration * math.cos(angle_rad) * time_interval
        vy += (-9.8 + air_resistance_acceleration * math.sin(angle_rad)) * time_interval

         #Calculate the new position using the kinematic equations
        x += vx * time_interval
        y += vy * time_interval

         #Increment the time
        time += time_interval

    επιστροφή x, y, time


 #Example usage
angle = 45 #Angle in degrees
side_lengths = 5
opposite_side_length = 3
side_ratio = 2
height = calculate_triangle_height(angle, side_lengths, opposite_side_length, side_ratio)
τύπωσε(f""The height of the triangle is: {height}"")

initial_velocity = 10 #m/s
time_interval = 0.01 #seconds
x, y, total_time = simulate_triangle_motion(initial_velocity, angle, time_interval, air_resistance=Αληθής)
τύπωσε(f""The triangle reached the ground at coordinates (x={x:.2f}m, y={y:.2f}m) in {total_time:.2f}s."")"
"import math

def calculate_circle_area(radius):
    try:
        radius = float(radius)
        if radius <= 0:
            return ""Error: Radius must be a positive number""
        area = math.pi * radius**2
        return ""{:.2f}"".format(area)
    except ValueError:
        return ""Error: Invalid input. Radius must be a number""","εισαγωγή math

καθόρισε calculate_circle_area(radius):
    προσπάθησε:
        radius = κινητής_υποδιαστολής(radius)
        αν radius <= 0:
            επιστροφή ""Error: Radius must be a positive number""
        area = math.pi * radius**2
        επιστροφή ""{:.2f}"".μορφή(area)
    εκτός Σφάλμα_τιμής:
        επιστροφή ""Error: Invalid input. Radius must be a number"""
"def multiply_matrices(A, B):
    a, b, c = A[0][0], A[0][1], A[1][0]
    d, e, f = B[0][0], B[0][1], B[1][0]
    
    return [
        [a*d + b*e, a*e + b*f],
        [c*d + e*d, c*e + e*f]
    ]


def power_matrix(A, n):
    if n == 0:
        return [[1, 0], [0, 1]]  # Identity matrix
    
    result = power_matrix(A, n // 2)
    result = multiply_matrices(result, result)
    
    if n % 2 == 1:
        result = multiply_matrices(result, A)
    
    return result


def fibonacci(n):
    if n == 0:
        return 0
    
    matrix = [[1, 1], [1, 0]]
    result = power_matrix(matrix, n - 1)
    
    return result[0][0]","καθόρισε multiply_matrices(A, B):
    a, b, c = A[0][0], A[0][1], A[1][0]
    d, e, f = B[0][0], B[0][1], B[1][0]
    
    επιστροφή [
        [a*d + b*e, a*e + b*f],
        [c*d + e*d, c*e + e*f]
    ]


καθόρισε power_matrix(A, n):
    αν n == 0:
        επιστροφή [[1, 0], [0, 1]] #Identity matrix
    
    result = power_matrix(A, n // 2)
    result = multiply_matrices(result, result)
    
    αν n % 2 == 1:
        result = multiply_matrices(result, A)
    
    επιστροφή result


καθόρισε fibonacci(n):
    αν n == 0:
        επιστροφή 0
    
    matrix = [[1, 1], [1, 0]]
    result = power_matrix(matrix, n - 1)
    
    επιστροφή result[0][0]"
"def debug_program(arr):
    n = len(arr)
    return binary_search(arr, 0, n - 1)

def binary_search(arr, start, end):
    if start > end:
        return -1
    
    mid = (start + end) // 2
    
    if arr[mid] == mid:
        return mid
    
    left_result = binary_search(arr, start, min(mid - 1, arr[mid]))
    right_result = binary_search(arr, max(mid + 1, arr[mid]), end)
    
    return max(left_result, right_result)","καθόρισε debug_program(arr):
    n = μήκος(arr)
    επιστροφή binary_search(arr, 0, n - 1)

καθόρισε binary_search(arr, start, end):
    αν start > end:
        επιστροφή -1
    
    mid = (start + end) // 2
    
    αν arr[mid] == mid:
        επιστροφή mid
    
    left_result = binary_search(arr, start, ελάχιστο(mid - 1, arr[mid]))
    right_result = binary_search(arr, μέγιστο(mid + 1, arr[mid]), end)
    
    επιστροφή μέγιστο(left_result, right_result)"
"import math

def power(x, y):
    # Check for invalid inputs
    if not isinstance(x, (int, float)) or not isinstance(y, int):
        return ""Error: Invalid input. Please enter numeric values for x and y.""

    # Check if x is between 1 and 10
    if not 1 <= x <= 10:
        return ""Error: x should be between 1 and 10.""

    # Check if y is between 0 and 5
    if not 0 <= y <= 5:
        return ""Error: y should be between 0 and 5.""

    # Custom algorithm for calculating power
    result = x ** y

    # Check if result exceeds threshold for scientific notation
    if result > 1e6:
        return ""{:.2e}"".format(result)
    else:
        return result

# Example usage
x = 2.5
y = 3
result = power(x, y)
print(result)","εισαγωγή math

καθόρισε power(x, y):
     #Check for invalid inputs
    αν όχι είναι_παράδειγμα(x, (ακέραιη, κινητής_υποδιαστολής)) ή όχι είναι_παράδειγμα(y, ακέραιη):
        επιστροφή ""Error: Invalid input. Please enter numeric values for x and y.""

     #Check if x is between 1 and 10
    αν όχι 1 <= x <= 10:
        επιστροφή ""Error: x should be between 1 and 10.""

     #Check if y is between 0 and 5
    αν όχι 0 <= y <= 5:
        επιστροφή ""Error: y should be between 0 and 5.""

     #Custom algorithm for calculating power
    result = x ** y

     #Check if result exceeds threshold for scientific notation
    αν result > 1e6:
        επιστροφή ""{:.2e}"".μορφή(result)
    αλλιώς:
        επιστροφή result

 #Example usage
x = 2.5
y = 3
result = power(x, y)
τύπωσε(result)"
"def bubble_sort_descending(arr):
    n = len(arr)
    for i in range(n - 1):
        for j in range(n - i - 1):
            if arr[j] < arr[j + 1]:
                arr[j], arr[j + 1] = arr[j + 1], arr[j]
    return arr

arr = [3, 2, 1, 5, 4]
sorted_arr = bubble_sort_descending(arr)
print(sorted_arr)","καθόρισε bubble_sort_descending(arr):
    n = μήκος(arr)
    Για i σε εύρος(n - 1):
        Για j σε εύρος(n - i - 1):
            αν arr[j] < arr[j + 1]:
                arr[j], arr[j + 1] = arr[j + 1], arr[j]
    επιστροφή arr

arr = [3, 2, 1, 5, 4]
sorted_arr = bubble_sort_descending(arr)
τύπωσε(sorted_arr)"
"def sum_prime_numbers(arr):
    def is_prime(n):
        if n <= 1:
            return False
        for i in range(2, int(n**0.5) + 1):
            if n % i == 0:
                return False
        return True

    prime_sum = 0
    for num in arr:
        if is_prime(num):
            prime_sum += num
    return prime_sum","καθόρισε sum_prime_numbers(arr):
    καθόρισε is_prime(n):
        αν n <= 1:
            επιστροφή Ψευδής
        Για i σε εύρος(2, ακέραιη(n**0.5) + 1):
            αν n % i == 0:
                επιστροφή Ψευδής
        επιστροφή Αληθής

    prime_sum = 0
    Για num σε arr:
        αν is_prime(num):
            prime_sum += num
    επιστροφή prime_sum"
"def calculate_factorial(n):
    if n == 0:
        return 1
    else:
        return n * calculate_factorial(n - 1)

def calculate_factorials(arr):
    result = []
    for num in arr:
        result.append(calculate_factorial(num))
    return result

arr = [1, 2, 3, 4, 5]
factorials = calculate_factorials(arr)
print(factorials)","καθόρισε calculate_factorial(n):
    αν n == 0:
        επιστροφή 1
    αλλιώς:
        επιστροφή n * calculate_factorial(n - 1)

καθόρισε calculate_factorials(arr):
    result = []
    Για num σε arr:
        result.προσάρτησε(calculate_factorial(num))
    επιστροφή result

arr = [1, 2, 3, 4, 5]
factorials = calculate_factorials(arr)
τύπωσε(factorials)"
"def count_vowels(text):
    vowels = ['a', 'e', 'i', 'o', 'u']
    vowel_counts = {vowel: 0 for vowel in vowels}
    
    for char in text:
        if char.lower() in vowels:
            vowel_counts[char.lower()] += 1
    
    return vowel_counts

text = ""Hello World!""
result = count_vowels(text)
print(result)","καθόρισε count_vowels(text):
    vowels = ['a', 'e', 'i', 'o', 'u']
    vowel_counts = {vowel: 0 Για vowel σε vowels}
    
    Για char σε text:
        αν char.πεζά() σε vowels:
            vowel_counts[char.πεζά()] += 1
    
    επιστροφή vowel_counts

text = ""Hello World!""
result = count_vowels(text)
τύπωσε(result)"
"import random

def generate_random_number():
    num = 0
    while bin(num).count('1') != 4:
        num = random.randint(0, 15)
    return num

random_number = generate_random_number()
print(random_number)","εισαγωγή random

καθόρισε generate_random_number():
    num = 0
    ενώ δυαδική(num).μέτρησε('1') != 4:
        num = random.randint(0, 15)
    επιστροφή num

random_number = generate_random_number()
τύπωσε(random_number)"
"def multiply(a, b):
    # Calculate the sign of the result
    sign = -1 if (a < 0) ^ (b < 0) else 1

    # Convert both numbers to positive
    a = abs(a)
    b = abs(b)

    # Initialize the result
    result = 0

    # Multiply the numbers using bitwise operations
    while b:
        # If b is odd, add a to the result
        if b & 1:
            result += a

        # Shift a to the left by 1 bit
        a <<= 1

        # Shift b to the right by 1 bit
        b >>= 1

    return sign * result","καθόρισε multiply(a, b):
     #Calculate the sign of the result
    sign = -1 αν (a < 0) ^ (b < 0) αλλιώς 1

     #Convert both numbers to positive
    a = απόλ(a)
    b = απόλ(b)

     #Initialize the result
    result = 0

     #Multiply the numbers using bitwise operations
    ενώ b:
         #If b is odd, add a to the result
        αν b & 1:
            result += a

         #Shift a to the left by 1 bit
        a <<= 1

         #Shift b to the right by 1 bit
        b >>= 1

    επιστροφή sign * result"
"def find_longest_element(lst):
    longest_element = ''
    longest_index = -1
    longest_count = 0
    
    for i, element in enumerate(lst):
        if len(str(element)) > len(longest_element):
            longest_element = str(element)
            longest_index = i
            longest_count = 1
        elif len(str(element)) == len(longest_element):
            longest_count += 1
    
    return longest_element, longest_index, longest_count

# Example usage:
lst = [1, 2.5, 'abc', 'defg', 10.25, -5, 'abcdefg']
longest_element, longest_index, longest_count = find_longest_element(lst)

print(""Longest Element:"", longest_element)
print(""Index of Longest Element:"", longest_index)
print(""Total Occurrences of Longest Element:"", longest_count)","καθόρισε find_longest_element(lst):
    longest_element = ''
    longest_index = -1
    longest_count = 0
    
    Για i, element σε απαρίθμησε(lst):
        αν μήκος(συμβολοσειρά(element)) > μήκος(longest_element):
            longest_element = συμβολοσειρά(element)
            longest_index = i
            longest_count = 1
        αλλιώς_αν μήκος(συμβολοσειρά(element)) == μήκος(longest_element):
            longest_count += 1
    
    επιστροφή longest_element, longest_index, longest_count

 #Example usage:
lst = [1, 2.5, 'abc', 'defg', 10.25, -5, 'abcdefg']
longest_element, longest_index, longest_count = find_longest_element(lst)

τύπωσε(""Longest Element:"", longest_element)
τύπωσε(""Index of Longest Element:"", longest_index)
τύπωσε(""Total Occurrences of Longest Element:"", longest_count)"
"import math

def is_prime(num):
    if num <= 1:
        return ""Composite""

    for i in range(2, int(math.sqrt(num)) + 1):
        if num % i == 0:
            return ""Composite""

    return ""Prime""","εισαγωγή math

καθόρισε is_prime(num):
    αν num <= 1:
        επιστροφή ""Composite""

    Για i σε εύρος(2, ακέραιη(math.sqrt(num)) + 1):
        αν num % i == 0:
            επιστροφή ""Composite""

    επιστροφή ""Prime"""
"def print_primes_without_five(lower, upper):
    # Step 1: Create a boolean array ""is_prime[0..upper]"" and initialize
    # all entries it as true.
    is_prime = [True] * (upper + 1)
    is_prime[0] = is_prime[1] = False

    # Step 2: Mark all the multiples of prime numbers starting from 2
    # as false.
    p = 2
    while p * p <= upper:
        if is_prime[p]:
            for i in range(p * p, upper + 1, p):
                is_prime[i] = False
        p += 1

    # Step 3: Print all prime numbers in the given range excluding
    # numbers containing the digit 5.
    for num in range(lower, upper + 1):
        if is_prime[num] and '5' not in str(num):
            print(num)","καθόρισε print_primes_without_five(πεζά, κεφαλαία):
     #Step 1: Create a boolean array ""is_prime[0..upper]"" and initialize
     #all entries it as true.
    is_prime = [Αληθής] * (κεφαλαία + 1)
    is_prime[0] = is_prime[1] = Ψευδής

     #Step 2: Mark all the multiples of prime numbers starting from 2
     #as false.
    p = 2
    ενώ p * p <= κεφαλαία:
        αν is_prime[p]:
            Για i σε εύρος(p * p, κεφαλαία + 1, p):
                is_prime[i] = Ψευδής
        p += 1

     #Step 3: Print all prime numbers in the given range excluding
     #numbers containing the digit 5.
    Για num σε εύρος(πεζά, κεφαλαία + 1):
        αν is_prime[num] και '5' όχι σε συμβολοσειρά(num):
            τύπωσε(num)"
"import time

# Function to check if a number is prime
def is_prime(n):
    if n < 2:
        return False
    for i in range(2, int(n**0.5) + 1):
        if n % i == 0:
            return False
    return True

# Caching mechanism for prime numbers
prime_cache = {}

# Modified function to check if a number is prime using caching
def is_prime_cached(n):
    if n in prime_cache:
        return prime_cache[n]
    prime = is_prime(n)
    prime_cache[n] = prime
    return prime

# Timer function
def timer(func):
    def wrapper(*args, **kwargs):
        start = time.time()
        result = func(*args, **kwargs)
        end = time.time()
        print(f""Execution time: {end - start} seconds"")
        return result
    return wrapper

# List comprehension to generate the list of prime numbers
@timer
def generate_prime_palindromic_fibonacci():
    return [num for num in range(10000, 20001) if is_prime_cached(num) and str(num) == str(num)[::-1] and is_fibonacci(num)]

# Function to check if a number is a Fibonacci number
def is_fibonacci(n):
    a, b = 0, 1
    while b < n:
        a, b = b, a + b
    return b == n

# Test the function
primes = generate_prime_palindromic_fibonacci()
print(primes)","εισαγωγή time

 #Function to check if a number is prime
καθόρισε is_prime(n):
    αν n < 2:
        επιστροφή Ψευδής
    Για i σε εύρος(2, ακέραιη(n**0.5) + 1):
        αν n % i == 0:
            επιστροφή Ψευδής
    επιστροφή Αληθής

 #Caching mechanism for prime numbers
prime_cache = {}

 #Modified function to check if a number is prime using caching
καθόρισε is_prime_cached(n):
    αν n σε prime_cache:
        επιστροφή prime_cache[n]
    prime = is_prime(n)
    prime_cache[n] = prime
    επιστροφή prime

 #Timer function
καθόρισε timer(func):
    καθόρισε wrapper(*args, **kwargs):
        start = time.time()
        result = func(*args, **kwargs)
        end = time.time()
        τύπωσε(f""Execution time: {end - start} seconds"")
        επιστροφή result
    επιστροφή wrapper

 #List comprehension to generate the list of prime numbers
@timer
καθόρισε generate_prime_palindromic_fibonacci():
    επιστροφή [num Για num σε εύρος(10000, 20001) αν is_prime_cached(num) και συμβολοσειρά(num) == συμβολοσειρά(num)[::-1] και is_fibonacci(num)]

 #Function to check if a number is a Fibonacci number
καθόρισε is_fibonacci(n):
    a, b = 0, 1
    ενώ b < n:
        a, b = b, a + b
    επιστροφή b == n

 #Test the function
primes = generate_prime_palindromic_fibonacci()
τύπωσε(primes)"
"import math

def average_list(lst):
    if not lst:
        return None
    
    if len(lst) == 1:
        return lst[0]
    
    total = 0
    count = 0
    
    for num in lst:
        if not isinstance(num, (int, float)):
            raise ValueError(""List contains non-numeric elements"")
        
        if isinstance(num, complex):
            raise ValueError(""List contains complex numbers"")
        
        if math.isnan(num):
            raise ValueError(""List contains NaN values"")
        
        if math.isinf(num):
            raise ValueError(""List contains infinity or negative infinity values"")
        
        if abs(num) > 1e308:
            raise ValueError(""List contains numbers that are too large"")
        
        total += num
        count += 1
    
    return total / count","εισαγωγή math

καθόρισε average_list(lst):
    αν όχι lst:
        επιστροφή None
    
    αν μήκος(lst) == 1:
        επιστροφή lst[0]
    
    total = 0
    μέτρησε = 0
    
    Για num σε lst:
        αν όχι είναι_παράδειγμα(num, (ακέραιη, κινητής_υποδιαστολής)):
            έγειρε_εξαίρεση Σφάλμα_τιμής(""List contains non-numeric elements"")
        
        αν είναι_παράδειγμα(num, μιγαδική):
            έγειρε_εξαίρεση Σφάλμα_τιμής(""List contains complex numbers"")
        
        αν math.isnan(num):
            έγειρε_εξαίρεση Σφάλμα_τιμής(""List contains NaN values"")
        
        αν math.isinf(num):
            έγειρε_εξαίρεση Σφάλμα_τιμής(""List contains infinity or negative infinity values"")
        
        αν απόλ(num) > 1e308:
            έγειρε_εξαίρεση Σφάλμα_τιμής(""List contains numbers that are too large"")
        
        total += num
        μέτρησε += 1
    
    επιστροφή total / μέτρησε"
"import sqlite3

def delete_row(connection):
    try:
        # Start a transaction
        connection.execute(""BEGIN TRANSACTION"")

        # Execute the complex query
        cursor = connection.execute(""SELECT ..."")

        # Fetch the row to be deleted
        row = cursor.fetchone()

        if row:
            # Delete the row using its primary key
            connection.execute(""DELETE FROM table_name WHERE id=?"", (row['id'],))

        # Commit the transaction
        connection.execute(""COMMIT"")

        # Close the cursor
        cursor.close()

    except sqlite3.Error as error:
        # Rollback the transaction in case of any exception
        connection.execute(""ROLLBACK"")

        # Display the error message
        print(f""Error: {error}"")

    finally:
        # Close the database connection
        connection.close()

# Create a connection to the SQLite database
connection = sqlite3.connect(""database.db"")

# Call the function to delete the row
delete_row(connection)","εισαγωγή sqlite3

καθόρισε delete_row(connection):
    προσπάθησε:
         #Start a transaction
        connection.execute(""BEGIN TRANSACTION"")

         #Execute the complex query
        cursor = connection.execute(""SELECT ..."")

         #Fetch the row to be deleted
        row = cursor.fetchone()

        αν row:
             #Delete the row using its primary key
            connection.execute(""DELETE FROM table_name WHERE id=?"", (row['id'],))

         #Commit the transaction
        connection.execute(""COMMIT"")

         #Close the cursor
        cursor.κλείσε()

    εκτός sqlite3.Error σαν error:
         #Rollback the transaction in case of any exception
        connection.execute(""ROLLBACK"")

         #Display the error message
        τύπωσε(f""Error: {error}"")

    τελικά:
         #Close the database connection
        connection.κλείσε()

 #Create a connection to the SQLite database
connection = sqlite3.connect(""database.db"")

 #Call the function to delete the row
delete_row(connection)"
"import re

def extract_emails(string):
    # Use regular expression pattern to find all email addresses in the string
    pattern = r'\b[A-Za-z0-9._%+-]+@[A-Za-z0-9.-]+\.[A-Za-z]{2,}\b'
    matches = re.findall(pattern, string)
    
    # Remove any duplicate email addresses
    unique_emails = list(set(matches))
    
    return unique_emails","εισαγωγή re

καθόρισε extract_emails(string):
     #Use regular expression pattern to find all email addresses in the string
    pattern = r'\b[A-Za-z0-9._%+-]+@[A-Za-z0-9.-]+\.[A-Za-z]{2,}\b'
    matches = re.findall(pattern, string)
    
     #Remove any duplicate email addresses
    unique_emails = λίστα(σύνολο(matches))
    
    επιστροφή unique_emails"
"def clean_and_sort(lst):
   result = []
   for element in lst:
      if type(element) == int:
         result.append(element + 5)
   # implement your own sorting algorithm here
   n = len(result)
   for i in range(n):
      for j in range(0, n-i-1):
         if result[j] < result[j+1]:
            result[j], result[j+1] = result[j+1], result[j]
   return result

print(clean_and_sort([1, 2, ""hello""]))","καθόρισε clean_and_sort(lst):
   result = []
   Για element σε lst:
      αν τύπος(element) == ακέραιη:
         result.προσάρτησε(element + 5)
    #implement your own sorting algorithm here
   n = μήκος(result)
   Για i σε εύρος(n):
      Για j σε εύρος(0, n-i-1):
         αν result[j] < result[j+1]:
            result[j], result[j+1] = result[j+1], result[j]
   επιστροφή result

τύπωσε(clean_and_sort([1, 2, ""hello""]))"
"def is_valid_palindrome(s):
    # Convert the string to lowercase
    s = s.lower()
    
    # Initialize the two pointers
    left = 0
    right = len(s) - 1
    
    while left < right:
        # Check if the left character is not alphabetic
        if not s[left].isalpha():
            left += 1
            continue
        
        # Check if the right character is not alphabetic
        if not s[right].isalpha():
            right -= 1
            continue
        
        # Check if the characters at the two positions are equal
        if s[left] != s[right]:
            return False
        
        # Move the pointers towards the middle
        left += 1
        right -= 1
    
    return True","καθόρισε is_valid_palindrome(s):
     #Convert the string to lowercase
    s = s.πεζά()
    
     #Initialize the two pointers
    left = 0
    right = μήκος(s) - 1
    
    ενώ left < right:
         #Check if the left character is not alphabetic
        αν όχι s[left].είναι_αλφαβητική():
            left += 1
            συνέχισε
        
         #Check if the right character is not alphabetic
        αν όχι s[right].είναι_αλφαβητική():
            right -= 1
            συνέχισε
        
         #Check if the characters at the two positions are equal
        αν s[left] != s[right]:
            επιστροφή Ψευδής
        
         #Move the pointers towards the middle
        left += 1
        right -= 1
    
    επιστροφή Αληθής"
"def is_palindrome(num):
    # Convert the number to string
    num_str = str(num)
    
    # Check if the number is positive
    if num <= 0:
        return False
    
    # Check if the number has at least 5 digits
    if len(num_str) < 5:
        return False
    
    # Check if the number consists of unique digits
    if len(set(num_str)) != len(num_str):
        return False
    
    # Check if the number is divisible by 7
    if num % 7 != 0:
        return False
    
    # Check if the number is a palindrome
    if num_str == num_str[::-1]:
        return True
    
    # Check for palindromic substrings within the number
    for i in range(len(num_str)):
        for j in range(i+2, len(num_str)+1):
            sub_num = num_str[i:j]
            if sub_num == sub_num[::-1]:
                return True
    
    return False

# Testing the script
# Decimal number
num_decimal = 12321
print(f""Is {num_decimal} a palindrome? {is_palindrome(num_decimal)}"")

# Hexadecimal number
num_hexadecimal = 0x12321
print(f""Is {num_hexadecimal} a palindrome? {is_palindrome(num_hexadecimal)}"")

# Other test cases
print(f""Is 12345 a palindrome? {is_palindrome(12345)}"")
print(f""Is 1234567 a palindrome? {is_palindrome(1234567)}"")
print(f""Is 12321 a palindrome? {is_palindrome(12321)}"")","καθόρισε is_palindrome(num):
     #Convert the number to string
    num_str = συμβολοσειρά(num)
    
     #Check if the number is positive
    αν num <= 0:
        επιστροφή Ψευδής
    
     #Check if the number has at least 5 digits
    αν μήκος(num_str) < 5:
        επιστροφή Ψευδής
    
     #Check if the number consists of unique digits
    αν μήκος(σύνολο(num_str)) != μήκος(num_str):
        επιστροφή Ψευδής
    
     #Check if the number is divisible by 7
    αν num % 7 != 0:
        επιστροφή Ψευδής
    
     #Check if the number is a palindrome
    αν num_str == num_str[::-1]:
        επιστροφή Αληθής
    
     #Check for palindromic substrings within the number
    Για i σε εύρος(μήκος(num_str)):
        Για j σε εύρος(i+2, μήκος(num_str)+1):
            sub_num = num_str[i:j]
            αν sub_num == sub_num[::-1]:
                επιστροφή Αληθής
    
    επιστροφή Ψευδής

 #Testing the script
 #Decimal number
num_decimal = 12321
τύπωσε(f""Is {num_decimal} a palindrome? {is_palindrome(num_decimal)}"")

 #Hexadecimal number
num_hexadecimal = 0x12321
τύπωσε(f""Is {num_hexadecimal} a palindrome? {is_palindrome(num_hexadecimal)}"")

 #Other test cases
τύπωσε(f""Is 12345 a palindrome? {is_palindrome(12345)}"")
τύπωσε(f""Is 1234567 a palindrome? {is_palindrome(1234567)}"")
τύπωσε(f""Is 12321 a palindrome? {is_palindrome(12321)}"")"
"import re

def remove_vowels(string):
    return re.sub(r'[aeiouAEIOU]', '', string)

def sort_characters(string):
    frequency = {}
    for char in string:
        frequency[char] = frequency.get(char, 0) + 1
    sorted_chars = sorted(frequency.keys(), key=lambda x: (-frequency[x], x))
    return sorted_chars

def remove_vowels_and_sort(string):
    string_without_vowels = remove_vowels(string)
    sorted_string = sort_characters(string_without_vowels)
    return ''.join(sorted_string)","εισαγωγή re

καθόρισε remove_vowels(string):
    επιστροφή re.sub(r'[aeiouAEIOU]', '', string)

καθόρισε sort_characters(string):
    frequency = {}
    Για char σε string:
        frequency[char] = frequency.πάρε(char, 0) + 1
    sorted_chars = ταξινομημένη(frequency.κλειδιά(), key=λάμδα x: (-frequency[x], x))
    επιστροφή sorted_chars

καθόρισε remove_vowels_and_sort(string):
    string_without_vowels = remove_vowels(string)
    sorted_string = sort_characters(string_without_vowels)
    επιστροφή ''.ένωσε(sorted_string)"
"def reverse_matrix(matrix):
    new_matrix = []
    for i in range(len(matrix)):
        new_matrix.append([])
        for j in range(len(matrix[i])):
            new_matrix[i].insert(0, matrix[i][j])
    return new_matrix


# Test case 1
matrix1 = [[1, 2, 3],
           [4, 5, 6],
           [7, 8, 9]]
# Expected output: [[9, 8, 7], [6, 5, 4], [3, 2, 1]]
print(reverse_matrix(matrix1))

# Test case 2
matrix2 = [[1, 2, 3, 4],
           [5, 6, 7, 8]]
# Expected output: [[8, 7, 6, 5], [4, 3, 2, 1]]
print(reverse_matrix(matrix2))

# Test case 3
matrix3 = [[1, 2],
           [3, 4],
           [5, 6]]
# Expected output: [[6, 5], [4, 3], [2, 1]]
print(reverse_matrix(matrix3))","καθόρισε reverse_matrix(matrix):
    new_matrix = []
    Για i σε εύρος(μήκος(matrix)):
        new_matrix.προσάρτησε([])
        Για j σε εύρος(μήκος(matrix[i])):
            new_matrix[i].εισάγετε(0, matrix[i][j])
    επιστροφή new_matrix


 #Test case 1
matrix1 = [[1, 2, 3],
           [4, 5, 6],
           [7, 8, 9]]
 #Expected output: [[9, 8, 7], [6, 5, 4], [3, 2, 1]]
τύπωσε(reverse_matrix(matrix1))

 #Test case 2
matrix2 = [[1, 2, 3, 4],
           [5, 6, 7, 8]]
 #Expected output: [[8, 7, 6, 5], [4, 3, 2, 1]]
τύπωσε(reverse_matrix(matrix2))

 #Test case 3
matrix3 = [[1, 2],
           [3, 4],
           [5, 6]]
 #Expected output: [[6, 5], [4, 3], [2, 1]]
τύπωσε(reverse_matrix(matrix3))"
"def fibonacci(n):
    if n == 0:
        return 0
    elif n == 1:
        return 1
    else:
        return fibonacci(n-1) + fibonacci(n-2)

# Example usage
n = 10
fibonacci_number = fibonacci(n)
print(f""The Fibonacci number at index {n} is {fibonacci_number}."")","καθόρισε fibonacci(n):
    αν n == 0:
        επιστροφή 0
    αλλιώς_αν n == 1:
        επιστροφή 1
    αλλιώς:
        επιστροφή fibonacci(n-1) + fibonacci(n-2)

 #Example usage
n = 10
fibonacci_number = fibonacci(n)
τύπωσε(f""The Fibonacci number at index {n} is {fibonacci_number}."")"
"def count_unique_consonants(string):
    consonants = set()
    lowercase_string = string.lower()
    for char in lowercase_string:
        if char.isalpha() and char not in 'aeiou':
            consonants.add(char)
    return len(consonants)","καθόρισε count_unique_consonants(string):
    consonants = σύνολο()
    lowercase_string = string.πεζά()
    Για char σε lowercase_string:
        αν char.είναι_αλφαβητική() και char όχι σε 'aeiou':
            consonants.πρόσθεσε(char)
    επιστροφή μήκος(consonants)"
"def filter_and_replace(string):
    vowels = ['a', 'e', 'i', 'o', 'u']
    filtered_words = []
    
    words = string.split()
    
    for word in words:
        if any(char.isdigit() or not char.isalpha() for char in word):
            continue
        
        if len(word) > 3 and any(char in vowels for char in word):
            filtered_word = """"
            for char in word:
                if char in vowels:
                    vowel_index = vowels.index(char)
                    next_vowel = vowels[(vowel_index + 1) % len(vowels)]
                    filtered_word += next_vowel
                else:
                    filtered_word += char
            filtered_words.append(filtered_word)
    
    return "" "".join(filtered_words)


# Example usage:
input_string = ""Hello world! This is a test string. Filter me out if I contain numbers or special characters.""
output_string = filter_and_replace(input_string)
print(output_string)","καθόρισε filter_and_replace(string):
    vowels = ['a', 'e', 'i', 'o', 'u']
    filtered_words = []
    
    words = string.διάσπαση()
    
    Για word σε words:
        αν όποια(char.είναι_ψηφίο() ή όχι char.είναι_αλφαβητική() Για char σε word):
            συνέχισε
        
        αν μήκος(word) > 3 και όποια(char σε vowels Για char σε word):
            filtered_word = """"
            Για char σε word:
                αν char σε vowels:
                    vowel_index = vowels.δείκτης(char)
                    next_vowel = vowels[(vowel_index + 1) % μήκος(vowels)]
                    filtered_word += next_vowel
                αλλιώς:
                    filtered_word += char
            filtered_words.προσάρτησε(filtered_word)
    
    επιστροφή "" "".ένωσε(filtered_words)


 #Example usage:
input_string = ""Hello world! This is a test string. Filter me out if I contain numbers or special characters.""
output_string = filter_and_replace(input_string)
τύπωσε(output_string)"
"def isOddPrimeGreaterThan100(number):
    if number <= 100 or number % 2 == 0:  # Check if number is less than or equal to 100 or even
        return False
    for i in range(3, int(number**0.5) + 1, 2):  # Check divisibility by odd numbers only
        if number % i == 0:
            return False
    return True

def findSecondSmallestOddPrimeGreaterThan100(array):
    smallest = secondSmallest = float('inf')
    for number in array:
        if isOddPrimeGreaterThan100(number):
            if number < smallest:
                secondSmallest = smallest
                smallest = number
            elif number < secondSmallest:
                secondSmallest = number
    return secondSmallest","καθόρισε isOddPrimeGreaterThan100(number):
    αν number <= 100 ή number % 2 == 0: #Check if number is less than or equal to 100 or even
        επιστροφή Ψευδής
    Για i σε εύρος(3, ακέραιη(number**0.5) + 1, 2): #Check divisibility by odd numbers only
        αν number % i == 0:
            επιστροφή Ψευδής
    επιστροφή Αληθής

καθόρισε findSecondSmallestOddPrimeGreaterThan100(array):
    smallest = secondSmallest = κινητής_υποδιαστολής('inf')
    Για number σε array:
        αν isOddPrimeGreaterThan100(number):
            αν number < smallest:
                secondSmallest = smallest
                smallest = number
            αλλιώς_αν number < secondSmallest:
                secondSmallest = number
    επιστροφή secondSmallest"
"class SeparatorNotFoundError(Exception):
    pass

class MultipleSeparatorsError(Exception):
    pass

try:
    mystring = ""Hello, World!""
    separator = ""#""

    # Incorrect way to split the string on a separator
    split_string = mystring.split(separator, 1)
    if not split_string:
        raise SeparatorNotFoundError(""Separator not found in string"")

    # Additional Requirement:
    # If the separator is found more than once in the string, raise a custom exception called ""MultipleSeparatorsError""

    # Incorrect way to split the string on a separator
    split_string = mystring.split(separator)
    if len(split_string) > 2:
        raise MultipleSeparatorsError(""Multiple separators found in string"")

except SeparatorNotFoundError as e:
    print(""Error:"", e)

except MultipleSeparatorsError as e:
    print(""Error:"", e)

except Exception as e:
    print(""Error:"", e)","κλάσση SeparatorNotFoundError(Εξαίρεση):
    προσπέρασε

κλάσση MultipleSeparatorsError(Εξαίρεση):
    προσπέρασε

προσπάθησε:
    mystring = ""Hello, World!""
    separator = ""#""

     #Incorrect way to split the string on a separator
    split_string = mystring.διάσπαση(separator, 1)
    αν όχι split_string:
        έγειρε_εξαίρεση SeparatorNotFoundError(""Separator not found in string"")

     #Additional Requirement:
     #If the separator is found more than once in the string, raise a custom exception called ""MultipleSeparatorsError""

     #Incorrect way to split the string on a separator
    split_string = mystring.διάσπαση(separator)
    αν μήκος(split_string) > 2:
        έγειρε_εξαίρεση MultipleSeparatorsError(""Multiple separators found in string"")

εκτός SeparatorNotFoundError σαν e:
    τύπωσε(""Error:"", e)

εκτός MultipleSeparatorsError σαν e:
    τύπωσε(""Error:"", e)

εκτός Εξαίρεση σαν e:
    τύπωσε(""Error:"", e)"
"def create_index_dictionary(list_one, list_two):
    if len(list_one) != len(list_two):
        raise ValueError(""Input lists must be of equal length"")
    
    index_dict = {}
    for i in range(len(list_one)):
        if isinstance(list_one[i], (list, dict, tuple)) and isinstance(list_two[i], (list, dict, tuple)):
            if isinstance(list_one[i], set) or isinstance(list_two[i], set):
                raise ValueError(""Input lists cannot contain sets"")
            
            nested_dict = {}
            if isinstance(list_one[i], dict) and isinstance(list_two[i], dict):
                if len(list_one[i]) != len(list_two[i]):
                    raise ValueError(""Nested dictionaries must have the same number of elements"")
                
                for key in list_one[i].keys():
                    if key not in list_two[i]:
                        raise ValueError(""Keys in nested dictionaries must be the same"")
                    nested_dict[key] = (list_one[i][key], list_two[i][key])
            elif isinstance(list_one[i], list) and isinstance(list_two[i], list):
                if len(list_one[i]) != len(list_two[i]):
                    raise ValueError(""Nested lists must have the same length"")
                
                for j in range(len(list_one[i])):
                    nested_dict[j] = (list_one[i][j], list_two[i][j])
            elif isinstance(list_one[i], tuple) and isinstance(list_two[i], tuple):
                if len(list_one[i]) != len(list_two[i]):
                    raise ValueError(""Tuples must have the same length"")
                
                for j in range(len(list_one[i])):
                    nested_dict[j] = (list_one[i][j], list_two[i][j])
            
            index_dict[i] = nested_dict
        else:
            index_dict[i] = (list_one[i], list_two[i])
    
    return index_dict","καθόρισε create_index_dictionary(list_one, list_two):
    αν μήκος(list_one) != μήκος(list_two):
        έγειρε_εξαίρεση Σφάλμα_τιμής(""Input lists must be of equal length"")
    
    index_dict = {}
    Για i σε εύρος(μήκος(list_one)):
        αν είναι_παράδειγμα(list_one[i], (λίστα, λεξικό, τούπλα)) και είναι_παράδειγμα(list_two[i], (λίστα, λεξικό, τούπλα)):
            αν είναι_παράδειγμα(list_one[i], σύνολο) ή είναι_παράδειγμα(list_two[i], σύνολο):
                έγειρε_εξαίρεση Σφάλμα_τιμής(""Input lists cannot contain sets"")
            
            nested_dict = {}
            αν είναι_παράδειγμα(list_one[i], λεξικό) και είναι_παράδειγμα(list_two[i], λεξικό):
                αν μήκος(list_one[i]) != μήκος(list_two[i]):
                    έγειρε_εξαίρεση Σφάλμα_τιμής(""Nested dictionaries must have the same number of elements"")
                
                Για key σε list_one[i].κλειδιά():
                    αν key όχι σε list_two[i]:
                        έγειρε_εξαίρεση Σφάλμα_τιμής(""Keys in nested dictionaries must be the same"")
                    nested_dict[key] = (list_one[i][key], list_two[i][key])
            αλλιώς_αν είναι_παράδειγμα(list_one[i], λίστα) και είναι_παράδειγμα(list_two[i], λίστα):
                αν μήκος(list_one[i]) != μήκος(list_two[i]):
                    έγειρε_εξαίρεση Σφάλμα_τιμής(""Nested lists must have the same length"")
                
                Για j σε εύρος(μήκος(list_one[i])):
                    nested_dict[j] = (list_one[i][j], list_two[i][j])
            αλλιώς_αν είναι_παράδειγμα(list_one[i], τούπλα) και είναι_παράδειγμα(list_two[i], τούπλα):
                αν μήκος(list_one[i]) != μήκος(list_two[i]):
                    έγειρε_εξαίρεση Σφάλμα_τιμής(""Tuples must have the same length"")
                
                Για j σε εύρος(μήκος(list_one[i])):
                    nested_dict[j] = (list_one[i][j], list_two[i][j])
            
            index_dict[i] = nested_dict
        αλλιώς:
            index_dict[i] = (list_one[i], list_two[i])
    
    επιστροφή index_dict"
"def find_maximum(a, b, c):
    # Convert the numbers to binary
    a_bin = bin(a)
    b_bin = bin(b)
    c_bin = bin(c)
    
    # Count the number of 1s in the binary representation of each number
    a_count = a_bin.count('1')
    b_count = b_bin.count('1')
    c_count = c_bin.count('1')
    
    # Compare the counts to find the maximum
    if a_count > b_count and a_count > c_count:
        return a
    elif b_count > a_count and b_count > c_count:
        return b
    else:
        return c","καθόρισε find_maximum(a, b, c):
     #Convert the numbers to binary
    a_bin = δυαδική(a)
    b_bin = δυαδική(b)
    c_bin = δυαδική(c)
    
     #Count the number of 1s in the binary representation of each number
    a_count = a_bin.μέτρησε('1')
    b_count = b_bin.μέτρησε('1')
    c_count = c_bin.μέτρησε('1')
    
     #Compare the counts to find the maximum
    αν a_count > b_count και a_count > c_count:
        επιστροφή a
    αλλιώς_αν b_count > a_count και b_count > c_count:
        επιστροφή b
    αλλιώς:
        επιστροφή c"
"def quick_sort(arr):
    if len(arr) <= 1:
        return arr, 0
    else:
        pivot = arr[0]
        less = [x for x in arr[1:] if x <= pivot]
        greater = [x for x in arr[1:] if x > pivot]
        sorted_less, comparisons_less = quick_sort(less)
        sorted_greater, comparisons_greater = quick_sort(greater)
        comparisons = len(arr) - 1 + comparisons_less + comparisons_greater
        sorted_arr = sorted_greater + [pivot] + sorted_less
        return sorted_arr, comparisons

# Testing the code
arr = [5, 3, 9, 5, 2, 8, 4]
sorted_arr, comparisons = quick_sort(arr)
print(""Sorted Array:"", sorted_arr)
print(""Number of Comparisons:"", comparisons)","καθόρισε quick_sort(arr):
    αν μήκος(arr) <= 1:
        επιστροφή arr, 0
    αλλιώς:
        pivot = arr[0]
        less = [x Για x σε arr[1:] αν x <= pivot]
        greater = [x Για x σε arr[1:] αν x > pivot]
        sorted_less, comparisons_less = quick_sort(less)
        sorted_greater, comparisons_greater = quick_sort(greater)
        comparisons = μήκος(arr) - 1 + comparisons_less + comparisons_greater
        sorted_arr = sorted_greater + [pivot] + sorted_less
        επιστροφή sorted_arr, comparisons

 #Testing the code
arr = [5, 3, 9, 5, 2, 8, 4]
sorted_arr, comparisons = quick_sort(arr)
τύπωσε(""Sorted Array:"", sorted_arr)
τύπωσε(""Number of Comparisons:"", comparisons)"
"def calculate_distance(point1, point2):
    distance = ((point2[0] - point1[0])**2 + (point2[1] - point1[1])**2 + (point2[2] - point1[2])**2) ** 0.5
    return distance","καθόρισε calculate_distance(point1, point2):
    distance = ((point2[0] - point1[0])**2 + (point2[1] - point1[1])**2 + (point2[2] - point1[2])**2) ** 0.5
    επιστροφή distance"
