English_code,Partial_translated_code,google_translated_code
"for i in range(10):  # First digit
    for j in range(10):  # Second digit
        for k in range(10):  # Third digit
            # Checking for the conditions
            if i != 5 and j != 5 and k != 5 and i != j and i != k and j != k:
                print(i, j, k)","Για i σε εύρος(10): #First digit
    Για j σε εύρος(10): #Second digit
        Για k σε εύρος(10): #Third digit
             #Checking for the conditions
            αν i != 5 και j != 5 και k != 5 και i != j και i != k και j != k:
                τύπωσε(i, j, k)","Για εγώ σε εύρος(10): # Πρώτος ψηφίο
    Για j σε εύρος(10): # Δευτερόλεπτο
        Για k σε εύρος(10): # Τρίτο ψηφίο
              # Έλεγχος για τις συνθήκες
            αν εγώ != 5 και j != 5 και k != 5 και εγώ != j και εγώ != k και j != k:
                τύπωσε(εγώ, j, k)"
"def count_distinct_states(matrix):
    count = 0
    states = set()
    for row in matrix:
        for col in row:
            state = ''.join(col)
            if state not in states:
                count += 1
            states.add(state)
    return count

matrix = [['A', 'B', 'C'],
          ['A', 'B', 'D'],
          ['A', 'B', 'C']]
print(count_distinct_states(matrix))
# Output: 4","καθόρισε count_distinct_states(matrix):
    μέτρησε = 0
    states = σύνολο()
    Για row σε matrix:
        Για col σε row:
            state = ''.ένωσε(col)
            αν state όχι σε states:
                μέτρησε += 1
            states.πρόσθεσε(state)
    επιστροφή μέτρησε

matrix = [['A', 'B', 'C'],
          ['A', 'B', 'D'],
          ['A', 'B', 'C']]
τύπωσε(count_distinct_states(matrix))
 #Output: 4","καθόρισε Μετρήστε_ξεχωριστές_καταστάσεις(μήτρα):
    μέτρησε = 0
    κράτη = σύνολο()
    Για σειρά σε μήτρα:
        Για διάσελο σε σειρά:
            κατάσταση = ''.ένωσε(διάσελο)
            αν κατάσταση όχι σε κράτη:
                μέτρησε += 1
            κράτη.πρόσθεσε(κατάσταση)
    επιστροφή μέτρησε

μήτρα = [['A', 'B', 'C'],
          ['A', 'B', 'D'],
          ['A', 'B', 'C']]
τύπωσε(Μετρήστε_ξεχωριστές_καταστάσεις(μήτρα))
  # Έξοδος: 4"
"def remove_spaces_and_punctuation(s):
    result = """"
    for char in s:
        if char.isalnum():
            result += char
    return result","καθόρισε remove_spaces_and_punctuation(s):
    result = """"
    Για char σε s:
        αν char.είναι_αλφαριθμητική():
            result += char
    επιστροφή result","καθόρισε Αφαιρέστε_τους_χώρους_και_τη_στίξη(μικρό):
    αποτέλεσμα = """"
    Για απανθρακώνω σε μικρό:
        αν απανθρακώνω.είναι_αλφαριθμητική():
            αποτέλεσμα += απανθρακώνω
    επιστροφή αποτέλεσμα"
"import math

def is_prime(n):
    # Check if the number is less than 2 or not an integer
    if n < 2 or not isinstance(n, int):
        return ""Not Prime""

    # Check if the number is divisible by any integer from 2 to the square root of n
    for i in range(2, math.isqrt(n) + 1):
        if n % i == 0:
            return ""Not Prime""

    return ""Prime""","εισαγωγή math

καθόρισε is_prime(n):
     #Check if the number is less than 2 or not an integer
    αν n < 2 ή όχι είναι_παράδειγμα(n, ακέραιη):
        επιστροφή ""Not Prime""

     #Check if the number is divisible by any integer from 2 to the square root of n
    Για i σε εύρος(2, math.isqrt(n) + 1):
        αν n % i == 0:
            επιστροφή ""Not Prime""

    επιστροφή ""Prime""","εισαγωγή μαθηματικά

καθόρισε είναι_πρωταρχικός(n):
      # Ελέγξτε εάν ο αριθμός είναι μικρότερος από 2 ή όχι ακέραιος
    αν n < 2 ή όχι είναι_παράδειγμα(n, ακέραιη):
        επιστροφή ""Not Prime""

      # Ελέγξτε εάν ο αριθμός διαιρείται από οποιονδήποτε ακέραιο από 2 έως την τετραγωνική ρίζα του n
    Για εγώ σε εύρος(2, μαθηματικά.isqrt(n) + 1):
        αν n % εγώ == 0:
            επιστροφή ""Not Prime""

    επιστροφή ""Prime"""
"class String:
    def __init__(self, string):
        self.string = string

    def replace_odd_occurrences(self, substring, replace_with):
        count = self.string.count(substring)
        if count % 2 == 0 or count == 0:
            return self.string

        result = """"
        stack = []

        for i in range(len(self.string)):
            if self.string[i:i+len(substring)] == substring:
                if len(stack) > 0 and (stack[-1] == '(' or stack[-1] == '['):
                    stack.append(substring)
                    result += substring
                elif len(stack) > 0 and (stack[-1] == ')' or stack[-1] == ']'):
                    stack.pop()
                    result += substring
                else:
                    stack.append(substring)
                    result += replace_with
            else:
                result += self.string[i]

            if len(stack) > 0 and stack[-1] == substring:
                stack.pop()

        return result","κλάσση String:
    καθόρισε __init__(self, string):
        self.string = string

    καθόρισε replace_odd_occurrences(self, substring, replace_with):
        μέτρησε = self.string.μέτρησε(substring)
        αν μέτρησε % 2 == 0 ή μέτρησε == 0:
            επιστροφή self.string

        result = """"
        stack = []

        Για i σε εύρος(μήκος(self.string)):
            αν self.string[i:i+μήκος(substring)] == substring:
                αν μήκος(stack) > 0 και (stack[-1] == '(' ή stack[-1] == '['):
                    stack.προσάρτησε(substring)
                    result += substring
                αλλιώς_αν μήκος(stack) > 0 και (stack[-1] == ')' ή stack[-1] == ']'):
                    stack.βγάλε()
                    result += substring
                αλλιώς:
                    stack.προσάρτησε(substring)
                    result += replace_with
            αλλιώς:
                result += self.string[i]

            αν μήκος(stack) > 0 και stack[-1] == substring:
                stack.βγάλε()

        επιστροφή result","κλάσση Σειρά:
    καθόρισε __init__(self, σειρά):
        self.σειρά = σειρά

    καθόρισε Αντικαταστήστε_τα_περίεργα_περιστατικά(self, υποστρώ, αντικαθιστώ):
        μέτρησε = self.σειρά.μέτρησε(υποστρώ)
        αν μέτρησε % 2 == 0 ή μέτρησε == 0:
            επιστροφή self.σειρά

        αποτέλεσμα = """"
        σωρός = []

        Για εγώ σε εύρος(μήκος(self.σειρά)):
            αν self.σειρά[εγώ:εγώ+μήκος(υποστρώ)] == υποστρώ:
                αν μήκος(σωρός) > 0 και (σωρός[-1] == '(' ή σωρός[-1] == '['):
                    σωρός.προσάρτησε(υποστρώ)
                    αποτέλεσμα += υποστρώ
                αλλιώς_αν μήκος(σωρός) > 0 και (σωρός[-1] == ')' ή σωρός[-1] == ']'):
                    σωρός.βγάλε()
                    αποτέλεσμα += υποστρώ
                αλλιώς:
                    σωρός.προσάρτησε(υποστρώ)
                    αποτέλεσμα += αντικαθιστώ
            αλλιώς:
                αποτέλεσμα += self.σειρά[εγώ]

            αν μήκος(σωρός) > 0 και σωρός[-1] == υποστρώ:
                σωρός.βγάλε()

        επιστροφή αποτέλεσμα"
"def is_prime(num):
    if num <= 1:
        return False
    for i in range(2, int(num**0.5) + 1):
        if num % i == 0:
            return False
    return True

def has_digit_7(num):
    while num > 0:
        if num % 10 == 7:
            return True
        num //= 10
    return False

def sum_of_primes():
    sum_of_primes = 0
    for num in range(1000000, 2000001):
        if is_prime(num) and not has_digit_7(num):
            sum_of_primes += num
    return sum_of_primes

result = sum_of_primes()
print(""The sum of all prime numbers between 1 million and 2 million, excluding prime numbers that contain the digit 7, is:"", result)","καθόρισε is_prime(num):
    αν num <= 1:
        επιστροφή Ψευδής
    Για i σε εύρος(2, ακέραιη(num**0.5) + 1):
        αν num % i == 0:
            επιστροφή Ψευδής
    επιστροφή Αληθής

καθόρισε has_digit_7(num):
    ενώ num > 0:
        αν num % 10 == 7:
            επιστροφή Αληθής
        num //= 10
    επιστροφή Ψευδής

καθόρισε sum_of_primes():
    sum_of_primes = 0
    Για num σε εύρος(1000000, 2000001):
        αν is_prime(num) και όχι has_digit_7(num):
            sum_of_primes += num
    επιστροφή sum_of_primes

result = sum_of_primes()
τύπωσε(""The sum of all prime numbers between 1 million and 2 million, excluding prime numbers that contain the digit 7, is:"", result)","καθόρισε είναι_πρωταρχικός(μειρό):
    αν μειρό <= 1:
        επιστροφή Ψευδής
    Για εγώ σε εύρος(2, ακέραιη(μειρό**0.5) + 1):
        αν μειρό % εγώ == 0:
            επιστροφή Ψευδής
    επιστροφή Αληθής

καθόρισε έχει_ψηφίο_7(μειρό):
    ενώ μειρό > 0:
        αν μειρό % 10 == 7:
            επιστροφή Αληθής
        μειρό //= 10
    επιστροφή Ψευδής

καθόρισε άθροισμα_των_αρχικών():
    άθροισμα_των_αρχικών = 0
    Για μειρό σε εύρος(1000000, 2000001):
        αν είναι_πρωταρχικός(μειρό) και όχι έχει_ψηφίο_7(μειρό):
            άθροισμα_των_αρχικών += μειρό
    επιστροφή άθροισμα_των_αρχικών

αποτέλεσμα = άθροισμα_των_αρχικών()
τύπωσε(""The sum of all prime numbers between 1 million and 2 million, excluding prime numbers that contain the digit 7, is:"", αποτέλεσμα)"
"def is_prime(num):
    if num < 2:
        return False
    for i in range(2, int(num ** 0.5) + 1):
        if num % i == 0:
            return False
    return True

def find_prime_sum_array(N, M, X):
    prime_sum_array = []
    current_number = M
    sum_so_far = 0

    while len(prime_sum_array) < N and current_number <= X:
        if is_prime(sum_so_far + current_number):
            prime_sum_array.append(current_number)
            sum_so_far += current_number
        current_number += M

    if not is_prime(sum_so_far):
        return []

    return prime_sum_array

# Example usage
N = 5
M = 3
X = 20

result = find_prime_sum_array(N, M, X)
print(result)","καθόρισε is_prime(num):
    αν num < 2:
        επιστροφή Ψευδής
    Για i σε εύρος(2, ακέραιη(num ** 0.5) + 1):
        αν num % i == 0:
            επιστροφή Ψευδής
    επιστροφή Αληθής

καθόρισε find_prime_sum_array(N, M, X):
    prime_sum_array = []
    current_number = M
    sum_so_far = 0

    ενώ μήκος(prime_sum_array) < N και current_number <= X:
        αν is_prime(sum_so_far + current_number):
            prime_sum_array.προσάρτησε(current_number)
            sum_so_far += current_number
        current_number += M

    αν όχι is_prime(sum_so_far):
        επιστροφή []

    επιστροφή prime_sum_array

 #Example usage
N = 5
M = 3
X = 20

result = find_prime_sum_array(N, M, X)
τύπωσε(result)","καθόρισε είναι_πρωταρχικός(μειρό):
    αν μειρό < 2:
        επιστροφή Ψευδής
    Για εγώ σε εύρος(2, ακέραιη(μειρό ** 0.5) + 1):
        αν μειρό % εγώ == 0:
            επιστροφή Ψευδής
    επιστροφή Αληθής

καθόρισε Βρείτε_πρωταρχική_συστοιχία(N, M, X):
    πρωταρχική_συστοιχία = []
    τρέχων_αριθμός = M
    ποσό_μέχρι_τώρα = 0

    ενώ μήκος(πρωταρχική_συστοιχία) < N και τρέχων_αριθμός <= X:
        αν είναι_πρωταρχικός(ποσό_μέχρι_τώρα + τρέχων_αριθμός):
            πρωταρχική_συστοιχία.προσάρτησε(τρέχων_αριθμός)
            ποσό_μέχρι_τώρα += τρέχων_αριθμός
        τρέχων_αριθμός += M

    αν όχι είναι_πρωταρχικός(ποσό_μέχρι_τώρα):
        επιστροφή []

    επιστροφή πρωταρχική_συστοιχία

  # Παράδειγμα χρήσης
N = 5
M = 3
X = 20

αποτέλεσμα = Βρείτε_πρωταρχική_συστοιχία(N, M, X)
τύπωσε(αποτέλεσμα)"
"def is_prime(n):
    if n < 2:
        return False
    for i in range(2, int(n**0.5) + 1):
        if n % i == 0:
            return False
    return True

def max_prime_difference(arr):
    primes = []
    for num in arr:
        if is_prime(abs(num)):
            primes.append(abs(num))
    if len(primes) < 2:
        return 0
    max_diff = 0
    for i in range(len(primes)-1):
        diff = abs(primes[i] - primes[i+1])
        if diff > max_diff:
            max_diff = diff
    return max_diff","καθόρισε is_prime(n):
    αν n < 2:
        επιστροφή Ψευδής
    Για i σε εύρος(2, ακέραιη(n**0.5) + 1):
        αν n % i == 0:
            επιστροφή Ψευδής
    επιστροφή Αληθής

καθόρισε max_prime_difference(arr):
    primes = []
    Για num σε arr:
        αν is_prime(απόλ(num)):
            primes.προσάρτησε(απόλ(num))
    αν μήκος(primes) < 2:
        επιστροφή 0
    max_diff = 0
    Για i σε εύρος(μήκος(primes)-1):
        diff = απόλ(primes[i] - primes[i+1])
        αν diff > max_diff:
            max_diff = diff
    επιστροφή max_diff","καθόρισε είναι_πρωταρχικός(n):
    αν n < 2:
        επιστροφή Ψευδής
    Για εγώ σε εύρος(2, ακέραιη(n**0.5) + 1):
        αν n % εγώ == 0:
            επιστροφή Ψευδής
    επιστροφή Αληθής

καθόρισε Μέγιστη_διαφορά(arr):
    πρωταρχικός = []
    Για μειρό σε arr:
        αν είναι_πρωταρχικός(απόλ(μειρό)):
            πρωταρχικός.προσάρτησε(απόλ(μειρό))
    αν μήκος(πρωταρχικός) < 2:
        επιστροφή 0
    μέγιστη_διαφορά = 0
    Για εγώ σε εύρος(μήκος(πρωταρχικός)-1):
        διαφορά = απόλ(πρωταρχικός[εγώ] - πρωταρχικός[εγώ+1])
        αν διαφορά > μέγιστη_διαφορά:
            μέγιστη_διαφορά = διαφορά
    επιστροφή μέγιστη_διαφορά"
"import math

def calculate_triangle_height(angle, side_lengths, opposite_side_length, side_ratio):
    # Convert angle from degrees to radians
    angle_rad = math.radians(angle)

    # Calculate the height using the Law of Sines
    height = opposite_side_length * math.sin(angle_rad) / side_ratio

    # Calculate the length of the adjacent side using the Law of Cosines
    adjacent_side_length = math.sqrt(side_lengths**2 + opposite_side_length**2 - 2 * side_lengths * opposite_side_length * math.cos(angle_rad))

    # Calculate the hypotenuse of the triangle
    hypotenuse = side_lengths / math.cos(angle_rad)

    # Calculate the remaining side using Pythagorean theorem
    remaining_side_length = math.sqrt(hypotenuse**2 - adjacent_side_length**2)

    # Calculate the final height of the triangle
    height += remaining_side_length

    return height


def simulate_triangle_motion(initial_velocity, angle, time_interval, air_resistance=True):
    # Initialize variables
    x = 0.0
    y = 0.0
    time = 0.0

    # Convert angle from degrees to radians
    angle_rad = math.radians(angle)

    # Calculate initial velocities
    vx = initial_velocity * math.cos(angle_rad)
    vy = initial_velocity * math.sin(angle_rad)

    # Simulate the motion until the y-coordinate becomes negative (reached the ground)
    while y >= 0:
        # Calculate the acceleration due to air resistance
        if air_resistance:
            air_resistance_acceleration = -0.5 * vy**2  # Simplified model for air resistance
        else:
            air_resistance_acceleration = 0.0  # No air resistance

        # Calculate the new velocities using the kinematic equations
        vx += air_resistance_acceleration * math.cos(angle_rad) * time_interval
        vy += (-9.8 + air_resistance_acceleration * math.sin(angle_rad)) * time_interval

        # Calculate the new position using the kinematic equations
        x += vx * time_interval
        y += vy * time_interval

        # Increment the time
        time += time_interval

    return x, y, time


# Example usage
angle = 45  # Angle in degrees
side_lengths = 5
opposite_side_length = 3
side_ratio = 2
height = calculate_triangle_height(angle, side_lengths, opposite_side_length, side_ratio)
print(f""The height of the triangle is: {height}"")

initial_velocity = 10  # m/s
time_interval = 0.01  # seconds
x, y, total_time = simulate_triangle_motion(initial_velocity, angle, time_interval, air_resistance=True)
print(f""The triangle reached the ground at coordinates (x={x:.2f}m, y={y:.2f}m) in {total_time:.2f}s."")","εισαγωγή math

καθόρισε calculate_triangle_height(angle, side_lengths, opposite_side_length, side_ratio):
     #Convert angle from degrees to radians
    angle_rad = math.radians(angle)

     #Calculate the height using the Law of Sines
    height = opposite_side_length * math.sin(angle_rad) / side_ratio

     #Calculate the length of the adjacent side using the Law of Cosines
    adjacent_side_length = math.sqrt(side_lengths**2 + opposite_side_length**2 - 2 * side_lengths * opposite_side_length * math.cos(angle_rad))

     #Calculate the hypotenuse of the triangle
    hypotenuse = side_lengths / math.cos(angle_rad)

     #Calculate the remaining side using Pythagorean theorem
    remaining_side_length = math.sqrt(hypotenuse**2 - adjacent_side_length**2)

     #Calculate the final height of the triangle
    height += remaining_side_length

    επιστροφή height


καθόρισε simulate_triangle_motion(initial_velocity, angle, time_interval, air_resistance=Αληθής):
     #Initialize variables
    x = 0.0
    y = 0.0
    time = 0.0

     #Convert angle from degrees to radians
    angle_rad = math.radians(angle)

     #Calculate initial velocities
    vx = initial_velocity * math.cos(angle_rad)
    vy = initial_velocity * math.sin(angle_rad)

     #Simulate the motion until the y-coordinate becomes negative (reached the ground)
    ενώ y >= 0:
         #Calculate the acceleration due to air resistance
        αν air_resistance:
            air_resistance_acceleration = -0.5 * vy**2 #Simplified model for air resistance
        αλλιώς:
            air_resistance_acceleration = 0.0 #No air resistance

         #Calculate the new velocities using the kinematic equations
        vx += air_resistance_acceleration * math.cos(angle_rad) * time_interval
        vy += (-9.8 + air_resistance_acceleration * math.sin(angle_rad)) * time_interval

         #Calculate the new position using the kinematic equations
        x += vx * time_interval
        y += vy * time_interval

         #Increment the time
        time += time_interval

    επιστροφή x, y, time


 #Example usage
angle = 45 #Angle in degrees
side_lengths = 5
opposite_side_length = 3
side_ratio = 2
height = calculate_triangle_height(angle, side_lengths, opposite_side_length, side_ratio)
τύπωσε(f""The height of the triangle is: {height}"")

initial_velocity = 10 #m/s
time_interval = 0.01 #seconds
x, y, total_time = simulate_triangle_motion(initial_velocity, angle, time_interval, air_resistance=Αληθής)
τύπωσε(f""The triangle reached the ground at coordinates (x={x:.2f}m, y={y:.2f}m) in {total_time:.2f}s."")","εισαγωγή μαθηματικά

καθόρισε Υπολογίστε_το_ύψος_του_τριγώνου(γωνία, πλευρικά_μήκη, αντίθετο_μήκος_πλευράς, πλευρική_αναλογία):
      # Μετατροπή γωνία από πτυχία σε ακτίνες
    Γωνιά_rad = μαθηματικά.ακτίνων(γωνία)

      # Υπολογίστε το ύψος χρησιμοποιώντας το νόμο των Σινέλων
    ύψος = αντίθετο_μήκος_πλευράς * μαθηματικά.αμαρτία(Γωνιά_rad) / πλευρική_αναλογία

      # Υπολογίστε το μήκος της παρακείμενης πλευράς χρησιμοποιώντας το νόμο των συνημμένων
    γειτονικό_μήκος_πλευράς = μαθηματικά.SQRT(πλευρικά_μήκη**2 + αντίθετο_μήκος_πλευράς**2 - 2 * πλευρικά_μήκη * αντίθετο_μήκος_πλευράς * μαθηματικά.για(Γωνιά_rad))

      # Υπολογίστε την υποτετάνιση του τριγώνου
    υποτείνουσα = πλευρικά_μήκη / μαθηματικά.για(Γωνιά_rad)

      # Υπολογίστε την υπόλοιπη πλευρά με τη χρήση του Πυθαγόρεου Θεώρημα
    υπόλοιπο_πλευρά_μήκους = μαθηματικά.SQRT(υποτείνουσα**2 - γειτονικό_μήκος_πλευράς**2)

      # Υπολογίστε το τελικό ύψος του τριγώνου
    ύψος += υπόλοιπο_πλευρά_μήκους

    επιστροφή ύψος


καθόρισε Προσομοίωση_κίνησης_τριγώνου(αρχική_ταχύτητα, γωνία, χρονικό_διάστημα, αντίσταση_στον_αέρα=Αληθής):
      # Αρχικοποιήστε τις μεταβλητές
    x = 0.0
    y = 0.0
    φορά = 0.0

      # Μετατροπή γωνία από πτυχία σε ακτίνες
    Γωνιά_rad = μαθηματικά.ακτίνων(γωνία)

      # Υπολογίστε τις αρχικές ταχύτητες
    VX = αρχική_ταχύτητα * μαθηματικά.για(Γωνιά_rad)
    vy = αρχική_ταχύτητα * μαθηματικά.αμαρτία(Γωνιά_rad)

      # Η προσομοίωση της κίνησης μέχρι να γίνει αρνητική η συντεταγμένη Y (φτάνει στο έδαφος)
    ενώ y >= 0:
          # Υπολογίστε την επιτάχυνση λόγω αντίστασης στον αέρα
        αν αντίσταση_στον_αέρα:
            επιτάχυνση_αντίστασης_στον_αέρα = -0.5 * vy**2 # Απλοποιημένο μοντέλο για αντίσταση αέρα
        αλλιώς:
            επιτάχυνση_αντίστασης_στον_αέρα = 0.0 # Χωρίς αντίσταση αέρα

          # Υπολογίστε τις νέες ταχύτητες χρησιμοποιώντας τις κινηματικές εξισώσεις
        VX += επιτάχυνση_αντίστασης_στον_αέρα * μαθηματικά.για(Γωνιά_rad) * χρονικό_διάστημα
        vy += (-9.8 + επιτάχυνση_αντίστασης_στον_αέρα * μαθηματικά.αμαρτία(Γωνιά_rad)) * χρονικό_διάστημα

          # Υπολογίστε τη νέα θέση χρησιμοποιώντας τις κινηματικές εξισώσεις
        x += VX * χρονικό_διάστημα
        y += vy * χρονικό_διάστημα

          # Αύξηση του χρόνου
        φορά += χρονικό_διάστημα

    επιστροφή x, y, φορά


  # Παράδειγμα χρήσης
γωνία = 45 # Γωνία σε βαθμούς
πλευρικά_μήκη = 5
αντίθετο_μήκος_πλευράς = 3
πλευρική_αναλογία = 2
ύψος = Υπολογίστε_το_ύψος_του_τριγώνου(γωνία, πλευρικά_μήκη, αντίθετο_μήκος_πλευράς, πλευρική_αναλογία)
τύπωσε(φά""The height of the triangle is: {height}"")

αρχική_ταχύτητα = 10 # m/s
χρονικό_διάστημα = 0.01 # δευτερόλεπτα
x, y, συνολικός_χρόνος = Προσομοίωση_κίνησης_τριγώνου(αρχική_ταχύτητα, γωνία, χρονικό_διάστημα, αντίσταση_στον_αέρα=Αληθής)
τύπωσε(φά""The triangle reached the ground at coordinates (x={x:.2f}m, y={y:.2f}m) in {total_time:.2f}s."")"
"import math

def calculate_circle_area(radius):
    try:
        radius = float(radius)
        if radius <= 0:
            return ""Error: Radius must be a positive number""
        area = math.pi * radius**2
        return ""{:.2f}"".format(area)
    except ValueError:
        return ""Error: Invalid input. Radius must be a number""","εισαγωγή math

καθόρισε calculate_circle_area(radius):
    προσπάθησε:
        radius = κινητής_υποδιαστολής(radius)
        αν radius <= 0:
            επιστροφή ""Error: Radius must be a positive number""
        area = math.pi * radius**2
        επιστροφή ""{:.2f}"".μορφή(area)
    εκτός Σφάλμα_τιμής:
        επιστροφή ""Error: Invalid input. Radius must be a number""","εισαγωγή μαθηματικά

καθόρισε Υπολογίστε_την_περιοχή_του_κύκλου(ακτίνα):
    προσπάθησε:
        ακτίνα = κινητής_υποδιαστολής(ακτίνα)
        αν ακτίνα <= 0:
            επιστροφή ""Error: Radius must be a positive number""
        έκταση = μαθηματικά.πι * ακτίνα**2
        επιστροφή ""{:.2f}"".μορφή(έκταση)
    εκτός Σφάλμα_τιμής:
        επιστροφή ""Error: Invalid input. Radius must be a number"""
"def multiply_matrices(A, B):
    a, b, c = A[0][0], A[0][1], A[1][0]
    d, e, f = B[0][0], B[0][1], B[1][0]
    
    return [
        [a*d + b*e, a*e + b*f],
        [c*d + e*d, c*e + e*f]
    ]


def power_matrix(A, n):
    if n == 0:
        return [[1, 0], [0, 1]]  # Identity matrix
    
    result = power_matrix(A, n // 2)
    result = multiply_matrices(result, result)
    
    if n % 2 == 1:
        result = multiply_matrices(result, A)
    
    return result


def fibonacci(n):
    if n == 0:
        return 0
    
    matrix = [[1, 1], [1, 0]]
    result = power_matrix(matrix, n - 1)
    
    return result[0][0]","καθόρισε multiply_matrices(A, B):
    a, b, c = A[0][0], A[0][1], A[1][0]
    d, e, f = B[0][0], B[0][1], B[1][0]
    
    επιστροφή [
        [a*d + b*e, a*e + b*f],
        [c*d + e*d, c*e + e*f]
    ]


καθόρισε power_matrix(A, n):
    αν n == 0:
        επιστροφή [[1, 0], [0, 1]] #Identity matrix
    
    result = power_matrix(A, n // 2)
    result = multiply_matrices(result, result)
    
    αν n % 2 == 1:
        result = multiply_matrices(result, A)
    
    επιστροφή result


καθόρισε fibonacci(n):
    αν n == 0:
        επιστροφή 0
    
    matrix = [[1, 1], [1, 0]]
    result = power_matrix(matrix, n - 1)
    
    επιστροφή result[0][0]","καθόρισε Πολλαπλασιάστε_μήτρες(ΕΝΑ, σι):
    ένα, σι, ντο = ΕΝΑ[0][0], ΕΝΑ[0][1], ΕΝΑ[1][0]
    ρε, μι, φά = σι[0][0], σι[0][1], σι[1][0]
    
    επιστροφή [
        [ένα*ρε + σι*μι, ένα*μι + σι*φά],
        [ντο*ρε + μι*ρε, ντο*μι + μι*φά]
    ]


καθόρισε πλέγμα_εξουσίας(ΕΝΑ, n):
    αν n == 0:
        επιστροφή [[1, 0], [0, 1]] # Μήτρα ταυτότητας
    
    αποτέλεσμα = πλέγμα_εξουσίας(ΕΝΑ, n // 2)
    αποτέλεσμα = Πολλαπλασιάστε_μήτρες(αποτέλεσμα, αποτέλεσμα)
    
    αν n % 2 == 1:
        αποτέλεσμα = Πολλαπλασιάστε_μήτρες(αποτέλεσμα, ΕΝΑ)
    
    επιστροφή αποτέλεσμα


καθόρισε φιαλιδάκια(n):
    αν n == 0:
        επιστροφή 0
    
    μήτρα = [[1, 1], [1, 0]]
    αποτέλεσμα = πλέγμα_εξουσίας(μήτρα, n - 1)
    
    επιστροφή αποτέλεσμα[0][0]"
"def debug_program(arr):
    n = len(arr)
    return binary_search(arr, 0, n - 1)

def binary_search(arr, start, end):
    if start > end:
        return -1
    
    mid = (start + end) // 2
    
    if arr[mid] == mid:
        return mid
    
    left_result = binary_search(arr, start, min(mid - 1, arr[mid]))
    right_result = binary_search(arr, max(mid + 1, arr[mid]), end)
    
    return max(left_result, right_result)","καθόρισε debug_program(arr):
    n = μήκος(arr)
    επιστροφή binary_search(arr, 0, n - 1)

καθόρισε binary_search(arr, start, end):
    αν start > end:
        επιστροφή -1
    
    mid = (start + end) // 2
    
    αν arr[mid] == mid:
        επιστροφή mid
    
    left_result = binary_search(arr, start, ελάχιστο(mid - 1, arr[mid]))
    right_result = binary_search(arr, μέγιστο(mid + 1, arr[mid]), end)
    
    επιστροφή μέγιστο(left_result, right_result)","καθόρισε πρόγραμμα_εντοπισμού_σφαλμάτων(arr):
    n = μήκος(arr)
    επιστροφή δυαδικής_αναζήτησης(arr, 0, n - 1)

καθόρισε δυαδικής_αναζήτησης(arr, αρχή, τέλος):
    αν αρχή > τέλος:
        επιστροφή -1
    
    στα_μέσα = (αρχή + τέλος) // 2
    
    αν arr[στα_μέσα] == στα_μέσα:
        επιστροφή στα_μέσα
    
    αριστερό_αποτέλεσμα = δυαδικής_αναζήτησης(arr, αρχή, ελάχιστο(στα_μέσα - 1, arr[στα_μέσα]))
    σωστό_αποτέλεσμα = δυαδικής_αναζήτησης(arr, μέγιστο(στα_μέσα + 1, arr[στα_μέσα]), τέλος)
    
    επιστροφή μέγιστο(αριστερό_αποτέλεσμα, σωστό_αποτέλεσμα)"
"import math

def power(x, y):
    # Check for invalid inputs
    if not isinstance(x, (int, float)) or not isinstance(y, int):
        return ""Error: Invalid input. Please enter numeric values for x and y.""

    # Check if x is between 1 and 10
    if not 1 <= x <= 10:
        return ""Error: x should be between 1 and 10.""

    # Check if y is between 0 and 5
    if not 0 <= y <= 5:
        return ""Error: y should be between 0 and 5.""

    # Custom algorithm for calculating power
    result = x ** y

    # Check if result exceeds threshold for scientific notation
    if result > 1e6:
        return ""{:.2e}"".format(result)
    else:
        return result

# Example usage
x = 2.5
y = 3
result = power(x, y)
print(result)","εισαγωγή math

καθόρισε power(x, y):
     #Check for invalid inputs
    αν όχι είναι_παράδειγμα(x, (ακέραιη, κινητής_υποδιαστολής)) ή όχι είναι_παράδειγμα(y, ακέραιη):
        επιστροφή ""Error: Invalid input. Please enter numeric values for x and y.""

     #Check if x is between 1 and 10
    αν όχι 1 <= x <= 10:
        επιστροφή ""Error: x should be between 1 and 10.""

     #Check if y is between 0 and 5
    αν όχι 0 <= y <= 5:
        επιστροφή ""Error: y should be between 0 and 5.""

     #Custom algorithm for calculating power
    result = x ** y

     #Check if result exceeds threshold for scientific notation
    αν result > 1e6:
        επιστροφή ""{:.2e}"".μορφή(result)
    αλλιώς:
        επιστροφή result

 #Example usage
x = 2.5
y = 3
result = power(x, y)
τύπωσε(result)","εισαγωγή μαθηματικά

καθόρισε εξουσία(x, y):
      # Ελέγξτε για μη έγκυρες εισόδους
    αν όχι είναι_παράδειγμα(x, (ακέραιη, κινητής_υποδιαστολής)) ή όχι είναι_παράδειγμα(y, ακέραιη):
        επιστροφή ""Error: Invalid input. Please enter numeric values for x and y.""

      # Ελέγξτε αν το x είναι μεταξύ 1 και 10
    αν όχι 1 <= x <= 10:
        επιστροφή ""Error: x should be between 1 and 10.""

      # Ελέγξτε αν το y είναι μεταξύ 0 και 5
    αν όχι 0 <= y <= 5:
        επιστροφή ""Error: y should be between 0 and 5.""

      # Προσαρμοσμένος αλγόριθμος για τον υπολογισμό της ισχύος
    αποτέλεσμα = x ** y

      # Ελέγξτε εάν το αποτέλεσμα υπερβαίνει το όριο για επιστημονική σημείωση
    αν αποτέλεσμα > 1Ε6:
        επιστροφή ""{:.2e}"".μορφή(αποτέλεσμα)
    αλλιώς:
        επιστροφή αποτέλεσμα

  # Παράδειγμα χρήσης
x = 2.5
y = 3
αποτέλεσμα = εξουσία(x, y)
τύπωσε(αποτέλεσμα)"
"def bubble_sort_descending(arr):
    n = len(arr)
    for i in range(n - 1):
        for j in range(n - i - 1):
            if arr[j] < arr[j + 1]:
                arr[j], arr[j + 1] = arr[j + 1], arr[j]
    return arr

arr = [3, 2, 1, 5, 4]
sorted_arr = bubble_sort_descending(arr)
print(sorted_arr)","καθόρισε bubble_sort_descending(arr):
    n = μήκος(arr)
    Για i σε εύρος(n - 1):
        Για j σε εύρος(n - i - 1):
            αν arr[j] < arr[j + 1]:
                arr[j], arr[j + 1] = arr[j + 1], arr[j]
    επιστροφή arr

arr = [3, 2, 1, 5, 4]
sorted_arr = bubble_sort_descending(arr)
τύπωσε(sorted_arr)","καθόρισε Φυσική_φούσκα_φθίνουσα(arr):
    n = μήκος(arr)
    Για εγώ σε εύρος(n - 1):
        Για j σε εύρος(n - εγώ - 1):
            αν arr[j] < arr[j + 1]:
                arr[j], arr[j + 1] = arr[j + 1], arr[j]
    επιστροφή arr

arr = [3, 2, 1, 5, 4]
ταξινομημένο_ARR = Φυσική_φούσκα_φθίνουσα(arr)
τύπωσε(ταξινομημένο_ARR)"
"def sum_prime_numbers(arr):
    def is_prime(n):
        if n <= 1:
            return False
        for i in range(2, int(n**0.5) + 1):
            if n % i == 0:
                return False
        return True

    prime_sum = 0
    for num in arr:
        if is_prime(num):
            prime_sum += num
    return prime_sum","καθόρισε sum_prime_numbers(arr):
    καθόρισε is_prime(n):
        αν n <= 1:
            επιστροφή Ψευδής
        Για i σε εύρος(2, ακέραιη(n**0.5) + 1):
            αν n % i == 0:
                επιστροφή Ψευδής
        επιστροφή Αληθής

    prime_sum = 0
    Για num σε arr:
        αν is_prime(num):
            prime_sum += num
    επιστροφή prime_sum","καθόρισε Αριθμοί_πρωταρχικών_αριθμών(arr):
    καθόρισε είναι_πρωταρχικός(n):
        αν n <= 1:
            επιστροφή Ψευδής
        Για εγώ σε εύρος(2, ακέραιη(n**0.5) + 1):
            αν n % εγώ == 0:
                επιστροφή Ψευδής
        επιστροφή Αληθής

    πρωταρχικό_ποσό = 0
    Για μειρό σε arr:
        αν είναι_πρωταρχικός(μειρό):
            πρωταρχικό_ποσό += μειρό
    επιστροφή πρωταρχικό_ποσό"
"def calculate_factorial(n):
    if n == 0:
        return 1
    else:
        return n * calculate_factorial(n - 1)

def calculate_factorials(arr):
    result = []
    for num in arr:
        result.append(calculate_factorial(num))
    return result

arr = [1, 2, 3, 4, 5]
factorials = calculate_factorials(arr)
print(factorials)","καθόρισε calculate_factorial(n):
    αν n == 0:
        επιστροφή 1
    αλλιώς:
        επιστροφή n * calculate_factorial(n - 1)

καθόρισε calculate_factorials(arr):
    result = []
    Για num σε arr:
        result.προσάρτησε(calculate_factorial(num))
    επιστροφή result

arr = [1, 2, 3, 4, 5]
factorials = calculate_factorials(arr)
τύπωσε(factorials)","καθόρισε Υπολογίστε_το_παράγοντα(n):
    αν n == 0:
        επιστροφή 1
    αλλιώς:
        επιστροφή n * Υπολογίστε_το_παράγοντα(n - 1)

καθόρισε Υπολογίστε_τα_παράγοντα(arr):
    αποτέλεσμα = []
    Για μειρό σε arr:
        αποτέλεσμα.προσάρτησε(Υπολογίστε_το_παράγοντα(μειρό))
    επιστροφή αποτέλεσμα

arr = [1, 2, 3, 4, 5]
παράγοντα = Υπολογίστε_τα_παράγοντα(arr)
τύπωσε(παράγοντα)"
"def count_vowels(text):
    vowels = ['a', 'e', 'i', 'o', 'u']
    vowel_counts = {vowel: 0 for vowel in vowels}
    
    for char in text:
        if char.lower() in vowels:
            vowel_counts[char.lower()] += 1
    
    return vowel_counts

text = ""Hello World!""
result = count_vowels(text)
print(result)","καθόρισε count_vowels(text):
    vowels = ['a', 'e', 'i', 'o', 'u']
    vowel_counts = {vowel: 0 Για vowel σε vowels}
    
    Για char σε text:
        αν char.πεζά() σε vowels:
            vowel_counts[char.πεζά()] += 1
    
    επιστροφή vowel_counts

text = ""Hello World!""
result = count_vowels(text)
τύπωσε(result)","καθόρισε μετράνε_φωνήεντα(κείμενο):
    φωνήελα = ['a', 'e', 'i', 'o', 'u']
    μετράει_φωνήεν = {φωνήεν: 0 Για φωνήεν σε φωνήελα}
    
    Για απανθρακώνω σε κείμενο:
        αν απανθρακώνω.πεζά() σε φωνήελα:
            μετράει_φωνήεν[απανθρακώνω.πεζά()] += 1
    
    επιστροφή μετράει_φωνήεν

κείμενο = ""Hello World!""
αποτέλεσμα = μετράνε_φωνήεντα(κείμενο)
τύπωσε(αποτέλεσμα)"
"import random

def generate_random_number():
    num = 0
    while bin(num).count('1') != 4:
        num = random.randint(0, 15)
    return num

random_number = generate_random_number()
print(random_number)","εισαγωγή random

καθόρισε generate_random_number():
    num = 0
    ενώ δυαδική(num).μέτρησε('1') != 4:
        num = random.randint(0, 15)
    επιστροφή num

random_number = generate_random_number()
τύπωσε(random_number)","εισαγωγή τυχαίος

καθόρισε Δημιουργήστε_τυχαίο_αριθμό():
    μειρό = 0
    ενώ δυαδική(μειρό).μέτρησε('1') != 4:
        μειρό = τυχαίος.randint(0, 15)
    επιστροφή μειρό

τυχαίος_αριθμός = Δημιουργήστε_τυχαίο_αριθμό()
τύπωσε(τυχαίος_αριθμός)"
"def multiply(a, b):
    # Calculate the sign of the result
    sign = -1 if (a < 0) ^ (b < 0) else 1

    # Convert both numbers to positive
    a = abs(a)
    b = abs(b)

    # Initialize the result
    result = 0

    # Multiply the numbers using bitwise operations
    while b:
        # If b is odd, add a to the result
        if b & 1:
            result += a

        # Shift a to the left by 1 bit
        a <<= 1

        # Shift b to the right by 1 bit
        b >>= 1

    return sign * result","καθόρισε multiply(a, b):
     #Calculate the sign of the result
    sign = -1 αν (a < 0) ^ (b < 0) αλλιώς 1

     #Convert both numbers to positive
    a = απόλ(a)
    b = απόλ(b)

     #Initialize the result
    result = 0

     #Multiply the numbers using bitwise operations
    ενώ b:
         #If b is odd, add a to the result
        αν b & 1:
            result += a

         #Shift a to the left by 1 bit
        a <<= 1

         #Shift b to the right by 1 bit
        b >>= 1

    επιστροφή sign * result","καθόρισε πολλαπλασιάζω(ένα, σι):
      # Υπολογίστε το σημάδι του αποτελέσματος
    σημείο = -1 αν (ένα < 0) ^ (σι < 0) αλλιώς 1

      # Μετατρέψτε τους δύο αριθμούς σε θετικά
    ένα = απόλ(ένα)
    σι = απόλ(σι)

      # Αρχικοποιήστε το αποτέλεσμα
    αποτέλεσμα = 0

      # Πολλαπλασιάστε τους αριθμούς χρησιμοποιώντας εργασίες bitwise
    ενώ σι:
          # Εάν το Β είναι περίεργο, προσθέστε το Α στο αποτέλεσμα
        αν σι & 1:
            αποτέλεσμα += ένα

          # Μετατόπιση Α προς τα αριστερά κατά 1 bit
        ένα <<= 1

          # Μετατόπιση Β προς τα δεξιά κατά 1 bit
        σι >>= 1

    επιστροφή σημείο * αποτέλεσμα"
"def find_longest_element(lst):
    longest_element = ''
    longest_index = -1
    longest_count = 0
    
    for i, element in enumerate(lst):
        if len(str(element)) > len(longest_element):
            longest_element = str(element)
            longest_index = i
            longest_count = 1
        elif len(str(element)) == len(longest_element):
            longest_count += 1
    
    return longest_element, longest_index, longest_count

# Example usage:
lst = [1, 2.5, 'abc', 'defg', 10.25, -5, 'abcdefg']
longest_element, longest_index, longest_count = find_longest_element(lst)

print(""Longest Element:"", longest_element)
print(""Index of Longest Element:"", longest_index)
print(""Total Occurrences of Longest Element:"", longest_count)","καθόρισε find_longest_element(lst):
    longest_element = ''
    longest_index = -1
    longest_count = 0
    
    Για i, element σε απαρίθμησε(lst):
        αν μήκος(συμβολοσειρά(element)) > μήκος(longest_element):
            longest_element = συμβολοσειρά(element)
            longest_index = i
            longest_count = 1
        αλλιώς_αν μήκος(συμβολοσειρά(element)) == μήκος(longest_element):
            longest_count += 1
    
    επιστροφή longest_element, longest_index, longest_count

 #Example usage:
lst = [1, 2.5, 'abc', 'defg', 10.25, -5, 'abcdefg']
longest_element, longest_index, longest_count = find_longest_element(lst)

τύπωσε(""Longest Element:"", longest_element)
τύπωσε(""Index of Longest Element:"", longest_index)
τύπωσε(""Total Occurrences of Longest Element:"", longest_count)","καθόρισε Βρείτε_το_μεγαλύτερο_στοιχείο(LST):
    μακρύτερο_στοιχείο = ''
    μεγαλύτερος_δείκτης = -1
    μεγαλύτερη_μέτρηση = 0
    
    Για εγώ, στοιχείο σε απαρίθμησε(LST):
        αν μήκος(συμβολοσειρά(στοιχείο)) > μήκος(μακρύτερο_στοιχείο):
            μακρύτερο_στοιχείο = συμβολοσειρά(στοιχείο)
            μεγαλύτερος_δείκτης = εγώ
            μεγαλύτερη_μέτρηση = 1
        αλλιώς_αν μήκος(συμβολοσειρά(στοιχείο)) == μήκος(μακρύτερο_στοιχείο):
            μεγαλύτερη_μέτρηση += 1
    
    επιστροφή μακρύτερο_στοιχείο, μεγαλύτερος_δείκτης, μεγαλύτερη_μέτρηση

  # Παράδειγμα χρήσης:
LST = [1, 2.5, 'abc', 'defg', 10.25, -5, 'abcdefg']
μακρύτερο_στοιχείο, μεγαλύτερος_δείκτης, μεγαλύτερη_μέτρηση = Βρείτε_το_μεγαλύτερο_στοιχείο(LST)

τύπωσε(""Longest Element:"", μακρύτερο_στοιχείο)
τύπωσε(""Index of Longest Element:"", μεγαλύτερος_δείκτης)
τύπωσε(""Total Occurrences of Longest Element:"", μεγαλύτερη_μέτρηση)"
"import math

def is_prime(num):
    if num <= 1:
        return ""Composite""

    for i in range(2, int(math.sqrt(num)) + 1):
        if num % i == 0:
            return ""Composite""

    return ""Prime""","εισαγωγή math

καθόρισε is_prime(num):
    αν num <= 1:
        επιστροφή ""Composite""

    Για i σε εύρος(2, ακέραιη(math.sqrt(num)) + 1):
        αν num % i == 0:
            επιστροφή ""Composite""

    επιστροφή ""Prime""","εισαγωγή μαθηματικά

καθόρισε είναι_πρωταρχικός(μειρό):
    αν μειρό <= 1:
        επιστροφή ""Composite""

    Για εγώ σε εύρος(2, ακέραιη(μαθηματικά.SQRT(μειρό)) + 1):
        αν μειρό % εγώ == 0:
            επιστροφή ""Composite""

    επιστροφή ""Prime"""
"def print_primes_without_five(lower, upper):
    # Step 1: Create a boolean array ""is_prime[0..upper]"" and initialize
    # all entries it as true.
    is_prime = [True] * (upper + 1)
    is_prime[0] = is_prime[1] = False

    # Step 2: Mark all the multiples of prime numbers starting from 2
    # as false.
    p = 2
    while p * p <= upper:
        if is_prime[p]:
            for i in range(p * p, upper + 1, p):
                is_prime[i] = False
        p += 1

    # Step 3: Print all prime numbers in the given range excluding
    # numbers containing the digit 5.
    for num in range(lower, upper + 1):
        if is_prime[num] and '5' not in str(num):
            print(num)","καθόρισε print_primes_without_five(πεζά, κεφαλαία):
     #Step 1: Create a boolean array ""is_prime[0..upper]"" and initialize
     #all entries it as true.
    is_prime = [Αληθής] * (κεφαλαία + 1)
    is_prime[0] = is_prime[1] = Ψευδής

     #Step 2: Mark all the multiples of prime numbers starting from 2
     #as false.
    p = 2
    ενώ p * p <= κεφαλαία:
        αν is_prime[p]:
            Για i σε εύρος(p * p, κεφαλαία + 1, p):
                is_prime[i] = Ψευδής
        p += 1

     #Step 3: Print all prime numbers in the given range excluding
     #numbers containing the digit 5.
    Για num σε εύρος(πεζά, κεφαλαία + 1):
        αν is_prime[num] και '5' όχι σε συμβολοσειρά(num):
            τύπωσε(num)","καθόρισε εκτυπώστε_primes_χωρίς_πέντε(πεζά, κεφαλαία):
      # Βήμα 1: Δημιουργήστε μια συστοιχία Boolean ""IS_Prime [0..upper]"" και αρχικοποιήστε
      # Όλες οι καταχωρήσεις είναι αλήθεια.
    είναι_πρωταρχικός = [Αληθής] * (κεφαλαία + 1)
    είναι_πρωταρχικός[0] = είναι_πρωταρχικός[1] = Ψευδής

      # Βήμα 2: Σημειώστε όλα τα πολλαπλάσια των πρωταρχικών αριθμών που ξεκινούν από 2
      # ως ψευδής.
    π. = 2
    ενώ π. * π. <= κεφαλαία:
        αν είναι_πρωταρχικός[π.]:
            Για εγώ σε εύρος(π. * π., κεφαλαία + 1, π.):
                είναι_πρωταρχικός[εγώ] = Ψευδής
        π. += 1

      # Βήμα 3: Εκτυπώστε όλους τους πρωταρχικούς αριθμούς στο δεδομένο εύρος εξαιρουμένων
      # αριθμοί που περιέχουν το ψηφίο 5.
    Για μειρό σε εύρος(πεζά, κεφαλαία + 1):
        αν είναι_πρωταρχικός[μειρό] και '5' όχι σε συμβολοσειρά(μειρό):
            τύπωσε(μειρό)"
"import time

# Function to check if a number is prime
def is_prime(n):
    if n < 2:
        return False
    for i in range(2, int(n**0.5) + 1):
        if n % i == 0:
            return False
    return True

# Caching mechanism for prime numbers
prime_cache = {}

# Modified function to check if a number is prime using caching
def is_prime_cached(n):
    if n in prime_cache:
        return prime_cache[n]
    prime = is_prime(n)
    prime_cache[n] = prime
    return prime

# Timer function
def timer(func):
    def wrapper(*args, **kwargs):
        start = time.time()
        result = func(*args, **kwargs)
        end = time.time()
        print(f""Execution time: {end - start} seconds"")
        return result
    return wrapper

# List comprehension to generate the list of prime numbers
@timer
def generate_prime_palindromic_fibonacci():
    return [num for num in range(10000, 20001) if is_prime_cached(num) and str(num) == str(num)[::-1] and is_fibonacci(num)]

# Function to check if a number is a Fibonacci number
def is_fibonacci(n):
    a, b = 0, 1
    while b < n:
        a, b = b, a + b
    return b == n

# Test the function
primes = generate_prime_palindromic_fibonacci()
print(primes)","εισαγωγή time

 #Function to check if a number is prime
καθόρισε is_prime(n):
    αν n < 2:
        επιστροφή Ψευδής
    Για i σε εύρος(2, ακέραιη(n**0.5) + 1):
        αν n % i == 0:
            επιστροφή Ψευδής
    επιστροφή Αληθής

 #Caching mechanism for prime numbers
prime_cache = {}

 #Modified function to check if a number is prime using caching
καθόρισε is_prime_cached(n):
    αν n σε prime_cache:
        επιστροφή prime_cache[n]
    prime = is_prime(n)
    prime_cache[n] = prime
    επιστροφή prime

 #Timer function
καθόρισε timer(func):
    καθόρισε wrapper(*args, **kwargs):
        start = time.time()
        result = func(*args, **kwargs)
        end = time.time()
        τύπωσε(f""Execution time: {end - start} seconds"")
        επιστροφή result
    επιστροφή wrapper

 #List comprehension to generate the list of prime numbers
@timer
καθόρισε generate_prime_palindromic_fibonacci():
    επιστροφή [num Για num σε εύρος(10000, 20001) αν is_prime_cached(num) και συμβολοσειρά(num) == συμβολοσειρά(num)[::-1] και is_fibonacci(num)]

 #Function to check if a number is a Fibonacci number
καθόρισε is_fibonacci(n):
    a, b = 0, 1
    ενώ b < n:
        a, b = b, a + b
    επιστροφή b == n

 #Test the function
primes = generate_prime_palindromic_fibonacci()
τύπωσε(primes)","εισαγωγή φορά

  # Λειτουργία για να ελέγξετε εάν ένας αριθμός είναι πρωταρχικός
καθόρισε είναι_πρωταρχικός(n):
    αν n < 2:
        επιστροφή Ψευδής
    Για εγώ σε εύρος(2, ακέραιη(n**0.5) + 1):
        αν n % εγώ == 0:
            επιστροφή Ψευδής
    επιστροφή Αληθής

  # Μηχανισμός προσωρινής αποθήκευσης για πρωταρχικούς αριθμούς
πρωταρχική_μνήμη = {}

  # Τροποποιημένη λειτουργία για να ελέγξετε εάν ένας αριθμός είναι πρωταρχικός χρησιμοποιώντας την προσωρινή αποθήκευση
καθόρισε είναι_πρωταρχική_προσωρινή_αποθήκευση(n):
    αν n σε πρωταρχική_μνήμη:
        επιστροφή πρωταρχική_μνήμη[n]
    πρώτος = είναι_πρωταρχικός(n)
    πρωταρχική_μνήμη[n] = πρώτος
    επιστροφή πρώτος

  # Λειτουργία χρονοδιακόπτη
καθόρισε μετρών_την_ώραν(δίδυμος):
    καθόρισε περικάλυμμα(*args, **kwargs):
        αρχή = φορά.φορά()
        αποτέλεσμα = δίδυμος(*args, **kwargs)
        τέλος = φορά.φορά()
        τύπωσε(φά""Execution time: {end - start} seconds"")
        επιστροφή αποτέλεσμα
    επιστροφή περικάλυμμα

  # Καταγράψτε την κατανόηση για τη δημιουργία της λίστας πρωταρχικών αριθμών
@μετρών_την_ώραν
καθόρισε Δημιουργήστε_το_Prime_Palindromic_Fibonacci():
    επιστροφή [μειρό Για μειρό σε εύρος(10000, 20001) αν είναι_πρωταρχική_προσωρινή_αποθήκευση(μειρό) και συμβολοσειρά(μειρό) == συμβολοσειρά(μειρό)[::-1] και είναι_ο_Fibonacci(μειρό)]

  # Λειτουργία για να ελέγξετε εάν ένας αριθμός είναι αριθμός Fibonacci
καθόρισε είναι_ο_Fibonacci(n):
    ένα, σι = 0, 1
    ενώ σι < n:
        ένα, σι = σι, ένα + σι
    επιστροφή σι == n

  # Δοκιμάστε τη λειτουργία
πρωταρχικός = Δημιουργήστε_το_Prime_Palindromic_Fibonacci()
τύπωσε(πρωταρχικός)"
"import math

def average_list(lst):
    if not lst:
        return None
    
    if len(lst) == 1:
        return lst[0]
    
    total = 0
    count = 0
    
    for num in lst:
        if not isinstance(num, (int, float)):
            raise ValueError(""List contains non-numeric elements"")
        
        if isinstance(num, complex):
            raise ValueError(""List contains complex numbers"")
        
        if math.isnan(num):
            raise ValueError(""List contains NaN values"")
        
        if math.isinf(num):
            raise ValueError(""List contains infinity or negative infinity values"")
        
        if abs(num) > 1e308:
            raise ValueError(""List contains numbers that are too large"")
        
        total += num
        count += 1
    
    return total / count","εισαγωγή math

καθόρισε average_list(lst):
    αν όχι lst:
        επιστροφή None
    
    αν μήκος(lst) == 1:
        επιστροφή lst[0]
    
    total = 0
    μέτρησε = 0
    
    Για num σε lst:
        αν όχι είναι_παράδειγμα(num, (ακέραιη, κινητής_υποδιαστολής)):
            έγειρε_εξαίρεση Σφάλμα_τιμής(""List contains non-numeric elements"")
        
        αν είναι_παράδειγμα(num, μιγαδική):
            έγειρε_εξαίρεση Σφάλμα_τιμής(""List contains complex numbers"")
        
        αν math.isnan(num):
            έγειρε_εξαίρεση Σφάλμα_τιμής(""List contains NaN values"")
        
        αν math.isinf(num):
            έγειρε_εξαίρεση Σφάλμα_τιμής(""List contains infinity or negative infinity values"")
        
        αν απόλ(num) > 1e308:
            έγειρε_εξαίρεση Σφάλμα_τιμής(""List contains numbers that are too large"")
        
        total += num
        μέτρησε += 1
    
    επιστροφή total / μέτρησε","εισαγωγή μαθηματικά

καθόρισε μέση_λίστα(LST):
    αν όχι LST:
        επιστροφή Κανένας
    
    αν μήκος(LST) == 1:
        επιστροφή LST[0]
    
    σύνολο = 0
    μέτρησε = 0
    
    Για μειρό σε LST:
        αν όχι είναι_παράδειγμα(μειρό, (ακέραιη, κινητής_υποδιαστολής)):
            έγειρε_εξαίρεση Σφάλμα_τιμής(""List contains non-numeric elements"")
        
        αν είναι_παράδειγμα(μειρό, μιγαδική):
            έγειρε_εξαίρεση Σφάλμα_τιμής(""List contains complex numbers"")
        
        αν μαθηματικά.ισινάνιο(μειρό):
            έγειρε_εξαίρεση Σφάλμα_τιμής(""List contains NaN values"")
        
        αν μαθηματικά.isinf(μειρό):
            έγειρε_εξαίρεση Σφάλμα_τιμής(""List contains infinity or negative infinity values"")
        
        αν απόλ(μειρό) > 1Ε308:
            έγειρε_εξαίρεση Σφάλμα_τιμής(""List contains numbers that are too large"")
        
        σύνολο += μειρό
        μέτρησε += 1
    
    επιστροφή σύνολο / μέτρησε"
"import sqlite3

def delete_row(connection):
    try:
        # Start a transaction
        connection.execute(""BEGIN TRANSACTION"")

        # Execute the complex query
        cursor = connection.execute(""SELECT ..."")

        # Fetch the row to be deleted
        row = cursor.fetchone()

        if row:
            # Delete the row using its primary key
            connection.execute(""DELETE FROM table_name WHERE id=?"", (row['id'],))

        # Commit the transaction
        connection.execute(""COMMIT"")

        # Close the cursor
        cursor.close()

    except sqlite3.Error as error:
        # Rollback the transaction in case of any exception
        connection.execute(""ROLLBACK"")

        # Display the error message
        print(f""Error: {error}"")

    finally:
        # Close the database connection
        connection.close()

# Create a connection to the SQLite database
connection = sqlite3.connect(""database.db"")

# Call the function to delete the row
delete_row(connection)","εισαγωγή sqlite3

καθόρισε delete_row(connection):
    προσπάθησε:
         #Start a transaction
        connection.execute(""BEGIN TRANSACTION"")

         #Execute the complex query
        cursor = connection.execute(""SELECT ..."")

         #Fetch the row to be deleted
        row = cursor.fetchone()

        αν row:
             #Delete the row using its primary key
            connection.execute(""DELETE FROM table_name WHERE id=?"", (row['id'],))

         #Commit the transaction
        connection.execute(""COMMIT"")

         #Close the cursor
        cursor.κλείσε()

    εκτός sqlite3.Error σαν error:
         #Rollback the transaction in case of any exception
        connection.execute(""ROLLBACK"")

         #Display the error message
        τύπωσε(f""Error: {error}"")

    τελικά:
         #Close the database connection
        connection.κλείσε()

 #Create a connection to the SQLite database
connection = sqlite3.connect(""database.db"")

 #Call the function to delete the row
delete_row(connection)","εισαγωγή sqlite3

καθόρισε διαγράψτε_τη_σειρά(σύνδεση):
    προσπάθησε:
          # Ξεκινήστε μια συναλλαγή
        σύνδεση.εκτελώ(""BEGIN TRANSACTION"")

          # Εκτελέστε το σύνθετο ερώτημα
        δρομέας = σύνδεση.εκτελώ(""SELECT ..."")

          # Φέρτε τη σειρά που πρέπει να διαγραφεί
        σειρά = δρομέας.φουσκωμένος()

        αν σειρά:
              # Διαγράψτε τη σειρά χρησιμοποιώντας το κύριο κλειδί της
            σύνδεση.εκτελώ(""DELETE FROM table_name WHERE id=?"", (σειρά['id'],))

          # Διαπράττει τη συναλλαγή
        σύνδεση.εκτελώ(""COMMIT"")

          # Κλείστε το δρομέα
        δρομέας.κλείσε()

    εκτός sqlite3.Σφάλμα σαν σφάλμα:
          # Επαναφορά της συναλλαγής σε περίπτωση εξαίρεσης
        σύνδεση.εκτελώ(""ROLLBACK"")

          # Εμφάνιση του μηνύματος σφάλματος
        τύπωσε(φά""Error: {error}"")

    τελικά:
          # Κλείστε τη σύνδεση βάσης δεδομένων
        σύνδεση.κλείσε()

  # Δημιουργήστε μια σύνδεση στη βάση δεδομένων SQLITE
σύνδεση = sqlite3.συνδέω(""database.db"")

  # Καλέστε τη λειτουργία για να διαγράψετε τη σειρά
διαγράψτε_τη_σειρά(σύνδεση)"
"import re

def extract_emails(string):
    # Use regular expression pattern to find all email addresses in the string
    pattern = r'\b[A-Za-z0-9._%+-]+@[A-Za-z0-9.-]+\.[A-Za-z]{2,}\b'
    matches = re.findall(pattern, string)
    
    # Remove any duplicate email addresses
    unique_emails = list(set(matches))
    
    return unique_emails","εισαγωγή re

καθόρισε extract_emails(string):
     #Use regular expression pattern to find all email addresses in the string
    pattern = r'\b[A-Za-z0-9._%+-]+@[A-Za-z0-9.-]+\.[A-Za-z]{2,}\b'
    matches = re.findall(pattern, string)
    
     #Remove any duplicate email addresses
    unique_emails = λίστα(σύνολο(matches))
    
    επιστροφή unique_emails","εισαγωγή σχετικά_με

καθόρισε εξαγωγή_email(σειρά):
      # Χρησιμοποιήστε πρότυπο κανονικής έκφρασης για να βρείτε όλες τις διευθύνσεις ηλεκτρονικού ταχυδρομείου στη συμβολοσειρά
    πρότυπο = r'\b[A-Za-z0-9._%+-]+@[A-Za-z0-9.-]+\.[A-Za-z]{2,}\b'
    αγώνας = σχετικά_με.ερεθισμός(πρότυπο, σειρά)
    
      # Καταργήστε τυχόν διπλές διευθύνσεις email
    μοναδικά_μηνύματα_ηλεκτρονικού_ταχυδρομείου = λίστα(σύνολο(αγώνας))
    
    επιστροφή μοναδικά_μηνύματα_ηλεκτρονικού_ταχυδρομείου"
"def clean_and_sort(lst):
   result = []
   for element in lst:
      if type(element) == int:
         result.append(element + 5)
   # implement your own sorting algorithm here
   n = len(result)
   for i in range(n):
      for j in range(0, n-i-1):
         if result[j] < result[j+1]:
            result[j], result[j+1] = result[j+1], result[j]
   return result

print(clean_and_sort([1, 2, ""hello""]))","καθόρισε clean_and_sort(lst):
   result = []
   Για element σε lst:
      αν τύπος(element) == ακέραιη:
         result.προσάρτησε(element + 5)
    #implement your own sorting algorithm here
   n = μήκος(result)
   Για i σε εύρος(n):
      Για j σε εύρος(0, n-i-1):
         αν result[j] < result[j+1]:
            result[j], result[j+1] = result[j+1], result[j]
   επιστροφή result

τύπωσε(clean_and_sort([1, 2, ""hello""]))","καθόρισε Καθαρίστε_και_ταξινομήστε(LST):
   αποτέλεσμα = []
   Για στοιχείο σε LST:
      αν τύπος(στοιχείο) == ακέραιη:
         αποτέλεσμα.προσάρτησε(στοιχείο + 5)
     # Εφαρμόστε τον δικό σας αλγόριθμο διαλογής εδώ
   n = μήκος(αποτέλεσμα)
   Για εγώ σε εύρος(n):
      Για j σε εύρος(0, n-εγώ-1):
         αν αποτέλεσμα[j] < αποτέλεσμα[j+1]:
            αποτέλεσμα[j], αποτέλεσμα[j+1] = αποτέλεσμα[j+1], αποτέλεσμα[j]
   επιστροφή αποτέλεσμα

τύπωσε(Καθαρίστε_και_ταξινομήστε([1, 2, ""hello""]))"
"def is_valid_palindrome(s):
    # Convert the string to lowercase
    s = s.lower()
    
    # Initialize the two pointers
    left = 0
    right = len(s) - 1
    
    while left < right:
        # Check if the left character is not alphabetic
        if not s[left].isalpha():
            left += 1
            continue
        
        # Check if the right character is not alphabetic
        if not s[right].isalpha():
            right -= 1
            continue
        
        # Check if the characters at the two positions are equal
        if s[left] != s[right]:
            return False
        
        # Move the pointers towards the middle
        left += 1
        right -= 1
    
    return True","καθόρισε is_valid_palindrome(s):
     #Convert the string to lowercase
    s = s.πεζά()
    
     #Initialize the two pointers
    left = 0
    right = μήκος(s) - 1
    
    ενώ left < right:
         #Check if the left character is not alphabetic
        αν όχι s[left].είναι_αλφαβητική():
            left += 1
            συνέχισε
        
         #Check if the right character is not alphabetic
        αν όχι s[right].είναι_αλφαβητική():
            right -= 1
            συνέχισε
        
         #Check if the characters at the two positions are equal
        αν s[left] != s[right]:
            επιστροφή Ψευδής
        
         #Move the pointers towards the middle
        left += 1
        right -= 1
    
    επιστροφή Αληθής","καθόρισε είναι_έγκυρο_Palindrome(μικρό):
      # Μετατρέψτε τη συμβολοσειρά σε πεζά
    μικρό = μικρό.πεζά()
    
      # Αρχικοποιήστε τους δύο δείκτες
    αριστερά = 0
    δικαίωμα = μήκος(μικρό) - 1
    
    ενώ αριστερά < δικαίωμα:
          # Ελέγξτε αν ο αριστερός χαρακτήρας δεν είναι αλφαβητικός
        αν όχι μικρό[αριστερά].είναι_αλφαβητική():
            αριστερά += 1
            συνέχισε
        
          # Ελέγξτε αν ο σωστός χαρακτήρας δεν είναι αλφαβητικός
        αν όχι μικρό[δικαίωμα].είναι_αλφαβητική():
            δικαίωμα -= 1
            συνέχισε
        
          # Ελέγξτε εάν οι χαρακτήρες στις δύο θέσεις είναι ίσοι
        αν μικρό[αριστερά] != μικρό[δικαίωμα]:
            επιστροφή Ψευδής
        
          # Μετακινήστε τους δείκτες προς τη μέση
        αριστερά += 1
        δικαίωμα -= 1
    
    επιστροφή Αληθής"
"def is_palindrome(num):
    # Convert the number to string
    num_str = str(num)
    
    # Check if the number is positive
    if num <= 0:
        return False
    
    # Check if the number has at least 5 digits
    if len(num_str) < 5:
        return False
    
    # Check if the number consists of unique digits
    if len(set(num_str)) != len(num_str):
        return False
    
    # Check if the number is divisible by 7
    if num % 7 != 0:
        return False
    
    # Check if the number is a palindrome
    if num_str == num_str[::-1]:
        return True
    
    # Check for palindromic substrings within the number
    for i in range(len(num_str)):
        for j in range(i+2, len(num_str)+1):
            sub_num = num_str[i:j]
            if sub_num == sub_num[::-1]:
                return True
    
    return False

# Testing the script
# Decimal number
num_decimal = 12321
print(f""Is {num_decimal} a palindrome? {is_palindrome(num_decimal)}"")

# Hexadecimal number
num_hexadecimal = 0x12321
print(f""Is {num_hexadecimal} a palindrome? {is_palindrome(num_hexadecimal)}"")

# Other test cases
print(f""Is 12345 a palindrome? {is_palindrome(12345)}"")
print(f""Is 1234567 a palindrome? {is_palindrome(1234567)}"")
print(f""Is 12321 a palindrome? {is_palindrome(12321)}"")","καθόρισε is_palindrome(num):
     #Convert the number to string
    num_str = συμβολοσειρά(num)
    
     #Check if the number is positive
    αν num <= 0:
        επιστροφή Ψευδής
    
     #Check if the number has at least 5 digits
    αν μήκος(num_str) < 5:
        επιστροφή Ψευδής
    
     #Check if the number consists of unique digits
    αν μήκος(σύνολο(num_str)) != μήκος(num_str):
        επιστροφή Ψευδής
    
     #Check if the number is divisible by 7
    αν num % 7 != 0:
        επιστροφή Ψευδής
    
     #Check if the number is a palindrome
    αν num_str == num_str[::-1]:
        επιστροφή Αληθής
    
     #Check for palindromic substrings within the number
    Για i σε εύρος(μήκος(num_str)):
        Για j σε εύρος(i+2, μήκος(num_str)+1):
            sub_num = num_str[i:j]
            αν sub_num == sub_num[::-1]:
                επιστροφή Αληθής
    
    επιστροφή Ψευδής

 #Testing the script
 #Decimal number
num_decimal = 12321
τύπωσε(f""Is {num_decimal} a palindrome? {is_palindrome(num_decimal)}"")

 #Hexadecimal number
num_hexadecimal = 0x12321
τύπωσε(f""Is {num_hexadecimal} a palindrome? {is_palindrome(num_hexadecimal)}"")

 #Other test cases
τύπωσε(f""Is 12345 a palindrome? {is_palindrome(12345)}"")
τύπωσε(f""Is 1234567 a palindrome? {is_palindrome(1234567)}"")
τύπωσε(f""Is 12321 a palindrome? {is_palindrome(12321)}"")","καθόρισε είναι_το_παλινδρόμικο(μειρό):
      # Μετατρέψτε τον αριθμό σε συμβολοσειρά
    αρσενικός = συμβολοσειρά(μειρό)
    
      # Ελέγξτε εάν ο αριθμός είναι θετικός
    αν μειρό <= 0:
        επιστροφή Ψευδής
    
      # Ελέγξτε εάν ο αριθμός έχει τουλάχιστον 5 ψηφία
    αν μήκος(αρσενικός) < 5:
        επιστροφή Ψευδής
    
      # Ελέγξτε εάν ο αριθμός αποτελείται από μοναδικά ψηφία
    αν μήκος(σύνολο(αρσενικός)) != μήκος(αρσενικός):
        επιστροφή Ψευδής
    
      # Ελέγξτε εάν ο αριθμός διαιρείται κατά 7
    αν μειρό % 7 != 0:
        επιστροφή Ψευδής
    
      # Ελέγξτε αν ο αριθμός είναι παλινδρόμημα
    αν αρσενικός == αρσενικός[::-1]:
        επιστροφή Αληθής
    
      # Ελέγξτε για τα παλινδρομικά υποσύνολα εντός του αριθμού
    Για εγώ σε εύρος(μήκος(αρσενικός)):
        Για j σε εύρος(εγώ+2, μήκος(αρσενικός)+1):
            υποβρύχιος = αρσενικός[εγώ:j]
            αν υποβρύχιος == υποβρύχιος[::-1]:
                επιστροφή Αληθής
    
    επιστροφή Ψευδής

  # Δοκιμή του σεναρίου
  # Δεκαδικός αριθμός
αρσενικός_δεκαδικός = 12321
τύπωσε(φά""Is {num_decimal} a palindrome? {is_palindrome(num_decimal)}"")

  # Δεκαεξαδικός αριθμός
Αριθμός_Hexadecimal = 0x12321
τύπωσε(φά""Is {num_hexadecimal} a palindrome? {is_palindrome(num_hexadecimal)}"")

  # Άλλες περιπτώσεις δοκιμών
τύπωσε(φά""Is 12345 a palindrome? {is_palindrome(12345)}"")
τύπωσε(φά""Is 1234567 a palindrome? {is_palindrome(1234567)}"")
τύπωσε(φά""Is 12321 a palindrome? {is_palindrome(12321)}"")"
"import re

def remove_vowels(string):
    return re.sub(r'[aeiouAEIOU]', '', string)

def sort_characters(string):
    frequency = {}
    for char in string:
        frequency[char] = frequency.get(char, 0) + 1
    sorted_chars = sorted(frequency.keys(), key=lambda x: (-frequency[x], x))
    return sorted_chars

def remove_vowels_and_sort(string):
    string_without_vowels = remove_vowels(string)
    sorted_string = sort_characters(string_without_vowels)
    return ''.join(sorted_string)","εισαγωγή re

καθόρισε remove_vowels(string):
    επιστροφή re.sub(r'[aeiouAEIOU]', '', string)

καθόρισε sort_characters(string):
    frequency = {}
    Για char σε string:
        frequency[char] = frequency.πάρε(char, 0) + 1
    sorted_chars = ταξινομημένη(frequency.κλειδιά(), key=λάμδα x: (-frequency[x], x))
    επιστροφή sorted_chars

καθόρισε remove_vowels_and_sort(string):
    string_without_vowels = remove_vowels(string)
    sorted_string = sort_characters(string_without_vowels)
    επιστροφή ''.ένωσε(sorted_string)","εισαγωγή σχετικά_με

καθόρισε Αφαιρέστε_τα_φωνήεντα(σειρά):
    επιστροφή σχετικά_με.υπο(r'[aeiouAEIOU]', '', σειρά)

καθόρισε Ταξινόμηση_χαρακτήρων(σειρά):
    συχνότητα = {}
    Για απανθρακώνω σε σειρά:
        συχνότητα[απανθρακώνω] = συχνότητα.πάρε(απανθρακώνω, 0) + 1
    ταξινομημένα_chars = ταξινομημένη(συχνότητα.κλειδιά(), κλειδί=λάμδα x: (-συχνότητα[x], x))
    επιστροφή ταξινομημένα_chars

καθόρισε Αφαιρέστε_τα_φωνήεντα_και_ταξινομήστε(σειρά):
    συμβολοσειρά_χωρίς_φωνήεντα = Αφαιρέστε_τα_φωνήεντα(σειρά)
    ταξινομημένη_συμβολοσειρά = Ταξινόμηση_χαρακτήρων(συμβολοσειρά_χωρίς_φωνήεντα)
    επιστροφή ''.ένωσε(ταξινομημένη_συμβολοσειρά)"
