English_code,source_code,google_translated_code
"for i in range(10):  # First digit
    for j in range(10):  # Second digit
        for k in range(10):  # Third digit
            # Checking for the conditions
            if i != 5 and j != 5 and k != 5 and i != j and i != k and j != k:
                print(i, j, k)","জন্য i ভিতরে পরিসীমা(10):  # First digit
    জন্য j ভিতরে পরিসীমা(10):  # Second digit
        জন্য k ভিতরে পরিসীমা(10):  # Third digit
            # Checking for the conditions
            যদি i != 5 এবং j != 5 এবং k != 5 এবং i != j এবং i != k এবং j != k:
                ছাপা(i , j , k)","জন্য i ভিতরে পরিসীমা(১০):   # প্রথম সংখ্যা
    জন্য জ ভিতরে পরিসীমা(১০):   # দ্বিতীয় সংখ্যা
        জন্য কে ভিতরে পরিসীমা(১০):   # তৃতীয় সংখ্যা
             # শর্তাবলী পরীক্ষা করা হচ্ছে
            যদি আমি != ৫ এবং জ != ৫ এবং কে != ৫ এবং আমি != জ এবং আমি != কে এবং জ != কে:
                ছাপা(আমি , জ , কে)"
"def count_distinct_states(matrix):
    count = 0
    states = set()
    for row in matrix:
        for col in row:
            state = ''.join(col)
            if state not in states:
                count += 1
            states.add(state)
    return count

matrix = [['A', 'B', 'C'],
          ['A', 'B', 'D'],
          ['A', 'B', 'C']]
print(count_distinct_states(matrix))
# Output: 4","সংজ্ঞায়িত_করা count_distinct_states(matrix):
    গণনা = 0
    states = সেট()
    জন্য row ভিতরে matrix:
        জন্য col ভিতরে row:
            state = ''.যোগদান(col)
            যদি state না ভিতরে states:
                গণনা += 1
            states.যোগ_করা(state)
    ফিরে_আসা গণনা

matrix = [['A', 'B', 'C'],
          ['A', 'B', 'D'],
          ['A', 'B', 'C']]
ছাপা(count_distinct_states ( matrix))
# Output: 4","সংজ্ঞায়িত_করা স্বতন্ত্র_রাজ্য_গণনা_করুন(ম্যাট্রিক্স):
    গণনা = 0
    রাজ্যগুলি = সেট()
    জন্য সারি ভিতরে ম্যাট্রিক্স:
        জন্য কর্নেল ভিতরে সারি:
            অবস্থা = ''.যোগদান(কর্নেল)
            যদি অবস্থা না ভিতরে রাজ্যগুলি:
                গণনা += ১
            রাজ্যগুলি.যোগ_করা(রাষ্ট্র)
    ফিরে_আসা গণনা

ম্যাট্রিক্স = [['ক', 'খ', 'গ'],
          ['ক', 'খ', 'দ'],
          ['ক', 'খ', 'গ']]
ছাপা(স্বতন্ত্র_রাজ্য_গণনা_করুন ( ম্যাট্রিক্স))
 # আউটপুট: 4"
"def remove_spaces_and_punctuation(s):
    result = """"
    for char in s:
        if char.isalnum():
            result += char
    return result","সংজ্ঞায়িত_করা remove_spaces_and_punctuation(s):
    result = """"
    জন্য char ভিতরে s:
        যদি char.আলফানিউমেরিক():
            result += char
    ফিরে_আসা result","সংজ্ঞায়িত_করা ফাঁকা_স্থান_এবং_বিরামচিহ্ন_মুছে_ফেলুন(গুলি):
    ফলাফল = """"
    জন্য অক্ষর ভিতরে গুলি:
        যদি অক্ষর.আলফানিউমেরিক():
            ফলাফল += অক্ষর
    ফিরে_আসা ফলাফল"
"import math

def is_prime(n):
    # Check if the number is less than 2 or not an integer
    if n < 2 or not isinstance(n, int):
        return ""Not Prime""

    # Check if the number is divisible by any integer from 2 to the square root of n
    for i in range(2, math.isqrt(n) + 1):
        if n % i == 0:
            return ""Not Prime""

    return ""Prime""","আমদানি math

সংজ্ঞায়িত_করা is_prime(n):
    # Check if the number is less than 2 or not an integer
    যদি n < 2 বা না উদাহরণ(n , পূর্ণসংখ্যা):
        ফিরে_আসা ""Not Prime""

    # Check if the number is divisible by any integer from 2 to the square root of n
    জন্য i ভিতরে পরিসীমা(2 , math . isqrt ( n) + 1):
        যদি n % i == 0:
            ফিরে_আসা ""Not Prime""

    ফিরে_আসা ""Prime""","আমদানি গণিত

সংজ্ঞায়িত_করা প্রধান(এন):
     # সংখ্যাটি 2 এর কম কিনা, নাকি পূর্ণসংখ্যা নয় তা পরীক্ষা করুন।
    যদি এন < ২ বা না উদাহরণ(n , পূর্ণসংখ্যা):
        ফিরে_আসা ""না প্রাইম""

     # সংখ্যাটি 2 থেকে n এর বর্গমূল পর্যন্ত যেকোনো পূর্ণসংখ্যা দিয়ে বিভাজ্য কিনা তা পরীক্ষা করুন।
    জন্য আমি ভিতরে পরিসীমা(২ , গণিত . isqrt ( এন) + ১):
        যদি এন % আমি == 0:
            ফিরে_আসা ""না প্রাইম""

    ফিরে_আসা ""প্রাইম"""
