Original Code,gpt_partial_translated_code,gpt_back_translated_code
"def reverse_matrix(matrix):
    new_matrix = []
    for i in range(len(matrix)):
        new_matrix.append([])
        for j in range(len(matrix[i])):
            new_matrix[i].insert(0, matrix[i][j])
    return new_matrix


# Test case 1
matrix1 = [[1, 2, 3],
           [4, 5, 6],
           [7, 8, 9]]
# Expected output: [[9, 8, 7], [6, 5, 4], [3, 2, 1]]
print(reverse_matrix(matrix1))

# Test case 2
matrix2 = [[1, 2, 3, 4],
           [5, 6, 7, 8]]
# Expected output: [[8, 7, 6, 5], [4, 3, 2, 1]]
print(reverse_matrix(matrix2))

# Test case 3
matrix3 = [[1, 2],
           [3, 4],
           [5, 6]]
# Expected output: [[6, 5], [4, 3], [2, 1]]
print(reverse_matrix(matrix3))","def 反转_矩阵(矩阵):
    新_矩阵 = []
    for i in range(len(矩阵)):
        新_矩阵.append([])
        for j in range(len(矩阵[i])):
            新_矩阵[i].insert(0, 矩阵[i][j])
    return 新_矩阵


 #测试用例 1
矩阵1 = [[1, 2, 3],
         [4, 5, 6],
         [7, 8, 9]]
 #预期输出: [[9, 8, 7], [6, 5, 4], [3, 2, 1]]
print(反转_矩阵(矩阵1))

 #测试用例 2
矩阵2 = [[1, 2, 3, 4],
         [5, 6, 7, 8]]
 #预期输出: [[8, 7, 6, 5], [4, 3, 2, 1]]
print(反转_矩阵(矩阵2))

 #测试用例 3
矩阵3 = [[1, 2],
         [3, 4],
         [5, 6]]
 #预期输出: [[6, 5], [4, 3], [2, 1]]
print(反转_矩阵(矩阵3))","def reverse_matrix(matrix):
    new_matrix = []
    for i in range(len(matrix)):
        new_matrix.append([])
        for j in range(len(matrix[i])):
            new_matrix[i].insert(0, matrix[i][j])
    return new_matrix


# Test case 1
matrix1 = [[1, 2, 3],
           [4, 5, 6],
           [7, 8, 9]]
# Expected output: [[9, 8, 7], [6, 5, 4], [3, 2, 1]]
print(reverse_matrix(matrix1))

# Test case 2
matrix2 = [[1, 2, 3, 4],
           [5, 6, 7, 8]]
# Expected output: [[8, 7, 6, 5], [4, 3, 2, 1]]
print(reverse_matrix(matrix2))

# Test case 3
matrix3 = [[1, 2],
           [3, 4],
           [5, 6]]
# Expected output: [[6, 5], [4, 3], [2, 1]]
print(reverse_matrix(matrix3))"
"def fibonacci(n):
    if n == 0:
        return 0
    elif n == 1:
        return 1
    else:
        return fibonacci(n-1) + fibonacci(n-2)

# Example usage
n = 10
fibonacci_number = fibonacci(n)
print(f""The Fibonacci number at index {n} is {fibonacci_number}."")","def 斐波那契(count):
    if count == 0:
        return 0
    elif count == 1:
        return 1
    else:
        return 斐波那契(count-1) + 斐波那契(count-2)

 #示例用法
count = 10
斐波那契_数 = 斐波那契(count)
print(f""在索引 {数} 的斐波那契数是 {斐波那契_数}。"")","def fibonacci(count):
    if count == 0:
        return 0
    elif count == 1:
        return 1
    else:
        return fibonacci(count-1) + fibonacci(count-2)

# Example usage
count = 10
fibonacci_number = fibonacci(count)
print(f""The Fibonacci number at index {count} is {fibonacci_number}."")"
"def count_unique_consonants(string):
    consonants = set()
    lowercase_string = string.lower()
    for char in lowercase_string:
        if char.isalpha() and char not in 'aeiou':
            consonants.add(char)
    return len(consonants)","def 计算_唯一_辅音(字符串):
    辅音 = set()
    小写_字符串 = 字符串.lower()
    for 字符 in 小写_字符串:
        if 字符.isalpha() with 字符 not in 'aeiou':
            辅音.add(字符)
    return len(辅音)","def count_unique_consonants(string):
    consonants = set()
    lowercase_string = string.lower()
    for char in lowercase_string:
        if char.isalpha() and char not in 'aeiou':
            consonants.add(char)
    return len(consonants)"
"def filter_and_replace(string):
    vowels = ['a', 'e', 'i', 'o', 'u']
    filtered_words = []
    
    words = string.split()
    
    for word in words:
        if any(char.isdigit() or not char.isalpha() for char in word):
            continue
        
        if len(word) > 3 and any(char in vowels for char in word):
            filtered_word = """"
            for char in word:
                if char in vowels:
                    vowel_index = vowels.index(char)
                    next_vowel = vowels[(vowel_index + 1) % len(vowels)]
                    filtered_word += next_vowel
                else:
                    filtered_word += char
            filtered_words.append(filtered_word)
    
    return "" "".join(filtered_words)


# Example usage:
input_string = ""Hello world! This is a test string. Filter me out if I contain numbers or special characters.""
output_string = filter_and_replace(input_string)
print(output_string)","def 过滤_和_替换(字符串):
    元音 = ['a', 'e', 'i', 'o', 'u']
    过滤_单词 = []
    
    单词 = 字符串.split()
    
    for 单词 in 单词:
        if any(字符.isnumeric() or not 字符.isalpha() for 字符 in 单词):
            continue
        
        if len(单词) > 3 with any(字符 in 元音 for 字符 in 单词):
            过滤_单词_结果 = """"
            for 字符 in 单词:
                if 字符 in 元音:
                    元音_索引 = 元音.index(字符)
                    下一个_元音 = 元音[(元音_索引 + 1) % len(元音)]
                    过滤_单词_结果 += 下一个_元音
                else:
                    过滤_单词_结果 += 字符
            过滤_单词.append(过滤_单词_结果)
    
    return "" "".join(过滤_单词)


 #示例用法:
输入_字符串 = ""Hello world! This is a test string. Filter me out if I contain numbers or special characters.""
输出_字符串 = 过滤_和_替换(输入_字符串)
print(输出_字符串)","def filter_and_replace(string):
    vowels = ['a', 'e', 'i', 'o', 'u']
    filtered_words = []
    
    words = string.split()
    
    for word in words:
        if any(char.isnumeric() or not char.isalpha() for char in word):
            continue
        
        if len(word) > 3 and any(char in vowels for char in word):
            filtered_word_result = """"
            for char in word:
                if char in vowels:
                    vowel_index = vowels.index(char)
                    next_vowel = vowels[(vowel_index + 1) % len(vowels)]
                    filtered_word_result += next_vowel
                else:
                    filtered_word_result += char
            filtered_words.append(filtered_word_result)
    
    return "" "".join(filtered_words)


# Example usage:
input_string = ""Hello world! This is a test string. Filter me out if I contain numbers or special characters.""
output_string = filter_and_replace(input_string)
print(output_string)"
"def isOddPrimeGreaterThan100(number):
    if number <= 100 or number % 2 == 0:  # Check if number is less than or equal to 100 or even
        return False
    for i in range(3, int(number**0.5) + 1, 2):  # Check divisibility by odd numbers only
        if number % i == 0:
            return False
    return True

def findSecondSmallestOddPrimeGreaterThan100(array):
    smallest = secondSmallest = float('inf')
    for number in array:
        if isOddPrimeGreaterThan100(number):
            if number < smallest:
                secondSmallest = smallest
                smallest = number
            elif number < secondSmallest:
                secondSmallest = number
    return secondSmallest","def 是奇素数大于一百(数字):
    if 数字 <= 100 or 数字 % 2 == 0: #检查数字是否小于或等于100或偶数
        return False
    for 甲 in range(3, int(数字**0.5) + 1, 2): #仅检查奇数的可整除性
        if 数字 % 甲 == 0:
            return False
    return True

def 找第二小奇素数大于一百(数组):
    最小的 = 第二小的 = float('无穷')
    for 数字 in 数组:
        if 是奇素数大于一百(数字):
            if 数字 < 最小的:
                第二小的 = 最小的
                最小的 = 数字
            elif 数字 < 第二小的:
                第二小的 = 数字
    return 第二小的","def is_odd_prime_greater_than_hundred(number):
    if number <= 100 or number % 2 == 0:  # Check if the number is less than or equal to 100 or even
        return False
    for alpha in range(3, int(number**0.5) + 1, 2):  # Check divisibility only for odd numbers
        if number % alpha == 0:
            return False
    return True

def find_second_smallest_odd_prime_greater_than_hundred(array):
    smallest = second_smallest = float('inf')
    for number in array:
        if is_odd_prime_greater_than_hundred(number):
            if number < smallest:
                second_smallest = smallest
                smallest = number
            elif number < second_smallest:
                second_smallest = number
    return second_smallest"
"class SeparatorNotFoundError(Exception):
    pass

class MultipleSeparatorsError(Exception):
    pass

try:
    mystring = ""Hello, World!""
    separator = ""#""

    # Incorrect way to split the string on a separator
    split_string = mystring.split(separator, 1)
    if not split_string:
        raise SeparatorNotFoundError(""Separator not found in string"")

    # Additional Requirement:
    # If the separator is found more than once in the string, raise a custom exception called ""MultipleSeparatorsError""

    # Incorrect way to split the string on a separator
    split_string = mystring.split(separator)
    if len(split_string) > 2:
        raise MultipleSeparatorsError(""Multiple separators found in string"")

except SeparatorNotFoundError as e:
    print(""Error:"", e)

except MultipleSeparatorsError as e:
    print(""Error:"", e)

except Exception as e:
    print(""Error:"", e)","class 分隔符未找到错误(Exception):
    pass

class 多个分隔符错误(Exception):
    pass

try:
    我的字符串 = ""你好, 世界!""
    分隔符 = ""#""

     #不正确的方式在分隔符上分割字符串
    分割字符串 = 我的字符串.split(分隔符, 1)
    if not 分割字符串:
        raise 分隔符未找到错误(""字符串中未找到分隔符"")

     #附加要求:
     #如果在字符串中多次找到分隔符，则引发一个名为“多个分隔符错误”的自定义异常

     #不正确的方式在分隔符上分割字符串
    分割字符串 = 我的字符串.split(分隔符)
    if len(分割字符串) > 2:
        raise 多个分隔符错误(""字符串中找到多个分隔符"")

except 分隔符未找到错误 as e:
    print(""错误:"", e)

except 多个分隔符错误 as e:
    print(""错误:"", e)

except Exception as e:
    print(""错误:"", e)","class SeparatorNotFoundError(Exception):
    pass

class MultipleSeparatorError(Exception):
    pass

try:
    my_string = ""Hello, World!""
    separator = ""#""

    # Incorrect way to split the string on the separator
    split_string = my_string.split(separator, 1)
    if not split_string:
        raise SeparatorNotFoundError(""Separator not found in the string"")

    # Additional requirement:
    # If the separator is found multiple times in the string, raise a custom exception called ""MultipleSeparatorError""

    # Incorrect way to split the string on the separator
    split_string = my_string.split(separator)
    if len(split_string) > 2:
        raise MultipleSeparatorError(""Multiple separators found in the string"")

except SeparatorNotFoundError as e:
    print(""Error:"", e)

except MultipleSeparatorError as e:
    print(""Error:"", e)

except Exception as e:
    print(""Error:"", e)"
"def create_index_dictionary(list_one, list_two):
    if len(list_one) != len(list_two):
        raise ValueError(""Input lists must be of equal length"")
    
    index_dict = {}
    for i in range(len(list_one)):
        if isinstance(list_one[i], (list, dict, tuple)) and isinstance(list_two[i], (list, dict, tuple)):
            if isinstance(list_one[i], set) or isinstance(list_two[i], set):
                raise ValueError(""Input lists cannot contain sets"")
            
            nested_dict = {}
            if isinstance(list_one[i], dict) and isinstance(list_two[i], dict):
                if len(list_one[i]) != len(list_two[i]):
                    raise ValueError(""Nested dictionaries must have the same number of elements"")
                
                for key in list_one[i].keys():
                    if key not in list_two[i]:
                        raise ValueError(""Keys in nested dictionaries must be the same"")
                    nested_dict[key] = (list_one[i][key], list_two[i][key])
            elif isinstance(list_one[i], list) and isinstance(list_two[i], list):
                if len(list_one[i]) != len(list_two[i]):
                    raise ValueError(""Nested lists must have the same length"")
                
                for j in range(len(list_one[i])):
                    nested_dict[j] = (list_one[i][j], list_two[i][j])
            elif isinstance(list_one[i], tuple) and isinstance(list_two[i], tuple):
                if len(list_one[i]) != len(list_two[i]):
                    raise ValueError(""Tuples must have the same length"")
                
                for j in range(len(list_one[i])):
                    nested_dict[j] = (list_one[i][j], list_two[i][j])
            
            index_dict[i] = nested_dict
        else:
            index_dict[i] = (list_one[i], list_two[i])
    
    return index_dict","def 创建_索引_字典(列表_一, 列表_二):
    if len(列表_一) != len(列表_二):
        raise ValueError(""输入_列表_必须_长度_相等"")
    
    索引_字典 = {}
    for i in range(len(列表_一)):
        if isinstance(列表_一[i], (列表, dict, tuple)) with isinstance(列表_二[i], (列表, dict, tuple)):
            if isinstance(列表_一[i], set) or isinstance(列表_二[i], set):
                raise ValueError(""输入_列表_不能_包含_集合"")
            
            嵌套_字典 = {}
            if isinstance(列表_一[i], dict) with isinstance(列表_二[i], dict):
                if len(列表_一[i]) != len(列表_二[i]):
                    raise ValueError(""嵌套_字典_必须_元素_数量_相同"")
                
                for 键 in 列表_一[i].keys():
                    if 键 not in 列表_二[i]:
                        raise ValueError(""嵌套_字典_的_键_必须_相同"")
                    嵌套_字典[键] = (列表_一[i][键], 列表_二[i][键])
            elif isinstance(列表_一[i], 列表) with isinstance(列表_二[i], 列表):
                if len(列表_一[i]) != len(列表_二[i]):
                    raise ValueError(""嵌套_列表_必须_长度_相同"")
                
                for j in range(len(列表_一[i])):
                    嵌套_字典[j] = (列表_一[i][j], 列表_二[i][j])
            elif isinstance(列表_一[i], tuple) with isinstance(列表_二[i], tuple):
                if len(列表_一[i]) != len(列表_二[i]):
                    raise ValueError(""元组_必须_长度_相同"")
                
                for j in range(len(列表_一[i])):
                    嵌套_字典[j] = (列表_一[i][j], 列表_二[i][j])
            
            索引_字典[i] = 嵌套_字典
        else:
            索引_字典[i] = (列表_一[i], 列表_二[i])
    
    return 索引_字典","def create_index_dictionary(list_one, list_two):
    if len(list_one) != len(list_two):
        raise ValueError(""input_lists_must_be_of_equal_length"")
    
    index_dictionary = {}
    for i in range(len(list_one)):
        if isinstance(list_one[i], (list, dict, tuple)) and isinstance(list_two[i], (list, dict, tuple)):
            if isinstance(list_one[i], set) or isinstance(list_two[i], set):
                raise ValueError(""input_lists_cannot_contain_sets"")
            
            nested_dictionary = {}
            if isinstance(list_one[i], dict) and isinstance(list_two[i], dict):
                if len(list_one[i]) != len(list_two[i]):
                    raise ValueError(""nested_dictionaries_must_have_same_number_of_elements"")
                
                for key in list_one[i].keys():
                    if key not in list_two[i]:
                        raise ValueError(""keys_of_nested_dictionaries_must_be_the_same"")
                    nested_dictionary[key] = (list_one[i][key], list_two[i][key])
            elif isinstance(list_one[i], list) and isinstance(list_two[i], list):
                if len(list_one[i]) != len(list_two[i]):
                    raise ValueError(""nested_lists_must_be_of_equal_length"")
                
                for j in range(len(list_one[i])):
                    nested_dictionary[j] = (list_one[i][j], list_two[i][j])
            elif isinstance(list_one[i], tuple) and isinstance(list_two[i], tuple):
                if len(list_one[i]) != len(list_two[i]):
                    raise ValueError(""tuples_must_be_of_equal_length"")
                
                for j in range(len(list_one[i])):
                    nested_dictionary[j] = (list_one[i][j], list_two[i][j])
            
            index_dictionary[i] = nested_dictionary
        else:
            index_dictionary[i] = (list_one[i], list_two[i])
    
    return index_dictionary"
"def find_maximum(a, b, c):
    # Convert the numbers to binary
    a_bin = bin(a)
    b_bin = bin(b)
    c_bin = bin(c)
    
    # Count the number of 1s in the binary representation of each number
    a_count = a_bin.count('1')
    b_count = b_bin.count('1')
    c_count = c_bin.count('1')
    
    # Compare the counts to find the maximum
    if a_count > b_count and a_count > c_count:
        return a
    elif b_count > a_count and b_count > c_count:
        return b
    else:
        return c","def 找_最大值(甲, 乙, 丙):
     #将数字转换为二进制
    甲_二进制 = bin(甲)
    乙_二进制 = bin(乙)
    丙_二进制 = bin(丙)
    
     #计算每个数字的二进制表示中1的数量
    甲_计数 = 甲_二进制.count('1')
    乙_计数 = 乙_二进制.count('1')
    丙_计数 = 丙_二进制.count('1')
    
     #比较计数以找到最大值
    if 甲_计数 > 乙_计数 with 甲_计数 > 丙_计数:
        return 甲
    elif 乙_计数 > 甲_计数 with 乙_计数 > 丙_计数:
        return 乙
    否则:
        return 丙","def find_max_value(a, b, c):
    # Convert numbers to binary
    a_binary = bin(a)
    b_binary = bin(b)
    c_binary = bin(c)
    
    # Count the number of 1s in the binary representation of each number
    a_count = a_binary.count('1')
    b_count = b_binary.count('1')
    c_count = c_binary.count('1')
    
    # Compare counts to find the maximum value
    if a_count > b_count and a_count > c_count:
        return a
    elif b_count > a_count and b_count > c_count:
        return b
    else:
        return c"
"def quick_sort(arr):
    if len(arr) <= 1:
        return arr, 0
    else:
        pivot = arr[0]
        less = [x for x in arr[1:] if x <= pivot]
        greater = [x for x in arr[1:] if x > pivot]
        sorted_less, comparisons_less = quick_sort(less)
        sorted_greater, comparisons_greater = quick_sort(greater)
        comparisons = len(arr) - 1 + comparisons_less + comparisons_greater
        sorted_arr = sorted_greater + [pivot] + sorted_less
        return sorted_arr, comparisons

# Testing the code
arr = [5, 3, 9, 5, 2, 8, 4]
sorted_arr, comparisons = quick_sort(arr)
print(""Sorted Array:"", sorted_arr)
print(""Number of Comparisons:"", comparisons)","def 快速_排序(数组):
    if len(数组) <= 1:
        return 数组, 0
    否则:
        枢轴 = 数组[0]
        较小 = [x for x in 数组[1:] if x <= 枢轴]
        较大 = [x for x in 数组[1:] if x > 枢轴]
        排序_较小, 比较_较小 = 快速_排序(较小)
        排序_较大, 比较_较大 = 快速_排序(较大)
        比较 = len(数组) - 1 + 比较_较小 + 比较_较大
        排序_数组 = 排序_较大 + [枢轴] + 排序_较小
        return 排序_数组, 比较

 #测试代码
数组 = [5, 3, 9, 5, 2, 8, 4]
排序_数组, 比较 = 快速_排序(数组)
print(""排序后的数组:"", 排序_数组)
print(""比较的数量:"", 比较)","def quick_sort(array):
    if len(array) <= 1:
        return array, 0
    else:
        pivot = array[0]
        smaller = [x for x in array[1:] if x <= pivot]
        larger = [x for x in array[1:] if x > pivot]
        sorted_smaller, comparisons_smaller = quick_sort(smaller)
        sorted_larger, comparisons_larger = quick_sort(larger)
        comparisons = len(array) - 1 + comparisons_smaller + comparisons_larger
        sorted_array = sorted_larger + [pivot] + sorted_smaller
        return sorted_array, comparisons

# Test code
array = [5, 3, 9, 5, 2, 8, 4]
sorted_array, comparisons = quick_sort(array)
print(""Sorted array:"", sorted_array)
print(""Number of comparisons:"", comparisons)"
"def calculate_distance(point1, point2):
    distance = ((point2[0] - point1[0])**2 + (point2[1] - point1[1])**2 + (point2[2] - point1[2])**2) ** 0.5
    return distance","def 计算_距离(点1, 点2):
    距离 = ((点2[0] - 点1[0])**2 + (点2[1] - 点1[1])**2 + (点2[2] - 点1[2])**2) ** 0.5
    return 距离","def calculate_distance(point1, point2):
    distance = ((point2[0] - point1[0])**2 + (point2[1] - point1[1])**2 + (point2[2] - point1[2])**2) ** 0.5
    return distance"
